Timestamp,Room,Power Consumption (W),Cumulative Energy Usage (kWh)
2025-03-18 00:00:00,Living Room,118.78841098799151,0.0019798068497998583
2025-03-18 00:01:00,Living Room,87.52599044426663,0.003438573357204302
2025-03-18 00:02:00,Living Room,103.8695667343039,0.005169732802776034
2025-03-18 00:03:00,Living Room,102.41591707261622,0.006876664753986304
2025-03-18 00:04:00,Living Room,134.8047791130772,0.00912341107253759
2025-03-18 00:05:00,Living Room,133.99639802821827,0.011356684373007894
2025-03-18 00:06:00,Living Room,133.26804693470433,0.0135778184885863
2025-03-18 00:07:00,Living Room,51.10316142624658,0.01442953784569041
2025-03-18 00:08:00,Living Room,124.95454844688882,0.016512113653138556
2025-03-18 00:09:00,Living Room,125.86763901110048,0.018609907636656896
2025-03-18 00:10:00,Living Room,117.83788228551418,0.020573872341415465
2025-03-18 00:11:00,Living Room,125.62646578914526,0.022667646771234555
2025-03-18 00:12:00,Living Room,134.19703714967088,0.024904264057062402
2025-03-18 00:13:00,Living Room,97.03190541017857,0.02652146248056538
2025-03-18 00:14:00,Living Room,100.20502134884472,0.02819154616971279
2025-03-18 00:15:00,Living Room,62.47140569113905,0.029232736264565108
2025-03-18 00:16:00,Living Room,88.53758830473618,0.03070836273631071
2025-03-18 00:17:00,Living Room,114.33651799117843,0.032613971369497015
2025-03-18 00:18:00,Living Room,128.03997761472743,0.03474797099640914
2025-03-18 00:19:00,Living Room,71.72090976912105,0.03594331949256115
2025-03-18 00:20:00,Living Room,63.78228991592354,0.03700635765782655
2025-03-18 00:21:00,Living Room,116.30420045004922,0.0389447609986607
2025-03-18 00:22:00,Living Room,50.18798835249106,0.03978122747120222
2025-03-18 00:23:00,Living Room,67.83725843073299,0.04091184844504777
2025-03-18 00:24:00,Living Room,52.90713803439537,0.04179363407895436
2025-03-18 00:25:00,Living Room,66.6885117854871,0.04290510927537915
2025-03-18 00:26:00,Living Room,68.13192799255052,0.04404064140858832
2025-03-18 00:27:00,Living Room,88.76735947503943,0.04552009739983898
2025-03-18 00:28:00,Living Room,90.23271246865559,0.04702397594098324
2025-03-18 00:29:00,Living Room,137.4262470610238,0.0493144133920003
2025-03-18 00:30:00,Living Room,101.01097124988252,0.05099792957949834
2025-03-18 00:31:00,Living Room,122.34047656122863,0.05303693752218549
2025-03-18 00:32:00,Living Room,60.413735792028746,0.0540438331187193
2025-03-18 00:33:00,Living Room,72.54387554636938,0.05525289771115879
2025-03-18 00:34:00,Living Room,120.29434409786768,0.057257803446123245
2025-03-18 00:35:00,Living Room,55.28039604685281,0.05817914338023746
2025-03-18 00:36:00,Living Room,98.65976622437532,0.05982347281731038
2025-03-18 00:37:00,Living Room,109.93689656629338,0.0616557544267486
2025-03-18 00:38:00,Living Room,110.2145644052481,0.06349266383350274
2025-03-18 00:39:00,Living Room,52.2932811268042,0.06436421851894948
2025-03-18 00:40:00,Living Room,82.21080042291855,0.06573439852599812
2025-03-18 00:41:00,Living Room,113.6490651049154,0.06762854961108004
2025-03-18 00:42:00,Living Room,64.89997361492435,0.06871021583799546
2025-03-18 00:43:00,Living Room,119.54156483280532,0.07070257525187554
2025-03-18 00:44:00,Living Room,124.59252088136745,0.072779117266565
2025-03-18 00:45:00,Living Room,148.19691904461453,0.07524906591730857
2025-03-18 00:46:00,Living Room,70.98419948564094,0.07643213590873592
2025-03-18 00:47:00,Living Room,132.51306676661153,0.07864068702151278
2025-03-18 00:48:00,Living Room,102.0296576918654,0.0803411813163772
2025-03-18 00:49:00,Living Room,87.34625961441733,0.08179695230995082
2025-03-18 00:50:00,Living Room,62.23767573251779,0.08283424690549278
2025-03-18 00:51:00,Living Room,123.55056064875376,0.08489342291630535
2025-03-18 00:52:00,Living Room,73.58575991436871,0.08611985224821149
2025-03-18 00:53:00,Living Room,87.14220018730458,0.08757222225133324
2025-03-18 00:54:00,Living Room,56.25422268973684,0.08850979262949552
2025-03-18 00:55:00,Living Room,130.1366915819519,0.09067873748919471
2025-03-18 00:56:00,Living Room,126.65885239716434,0.09278971836248077
2025-03-18 00:57:00,Living Room,123.36158300423125,0.09484574474588463
2025-03-18 00:58:00,Living Room,79.94435104918867,0.09617815059670444
2025-03-18 00:59:00,Living Room,67.34800742659573,0.09730061738714771
2025-03-18 01:00:00,Living Room,113.75532644702298,0.09919653949459808
2025-03-18 01:01:00,Living Room,99.61663841132194,0.10085681680145345
2025-03-18 01:02:00,Living Room,67.82524669046416,0.10198723757962785
2025-03-18 01:03:00,Living Room,118.59112710498637,0.10396375636471096
2025-03-18 01:04:00,Living Room,149.11264318213037,0.10644896708441313
2025-03-18 01:05:00,Living Room,124.72195877420377,0.10852766639731654
2025-03-18 01:06:00,Living Room,123.99863866856118,0.11059431037512589
2025-03-18 01:07:00,Living Room,145.03127529305917,0.11301149829667688
2025-03-18 01:08:00,Living Room,70.29363675749022,0.11418305890930172
2025-03-18 01:09:00,Living Room,106.55499649214404,0.11595897551750413
2025-03-18 01:10:00,Living Room,147.96467150338833,0.11842505337589393
2025-03-18 01:11:00,Living Room,66.52941109701746,0.11953387689417755
2025-03-18 01:12:00,Living Room,120.02519594445211,0.12153429682658508
2025-03-18 01:13:00,Living Room,108.5810145971902,0.12334398040320492
2025-03-18 01:14:00,Living Room,108.6479092188707,0.12515477889018609
2025-03-18 01:15:00,Living Room,119.76706275200752,0.12715089660271955
2025-03-18 01:16:00,Living Room,142.96169228756844,0.12953359147417903
2025-03-18 01:17:00,Living Room,128.2581939851338,0.13167122804059794
2025-03-18 01:18:00,Living Room,55.613610341621,0.13259812154629164
2025-03-18 01:19:00,Living Room,135.27280198757114,0.1348526682460845
2025-03-18 01:20:00,Living Room,72.55413299257326,0.13606190379596073
2025-03-18 01:21:00,Living Room,87.69141647363719,0.13752342740385468
2025-03-18 01:22:00,Living Room,96.17328136123822,0.13912631542654197
2025-03-18 01:23:00,Living Room,98.09060007530697,0.1407611587611304
2025-03-18 01:24:00,Living Room,93.51803992553567,0.14231979275988935
2025-03-18 01:25:00,Living Room,143.73532942158644,0.14471538158358246
2025-03-18 01:26:00,Living Room,120.60190076640247,0.1467254132630225
2025-03-18 01:27:00,Living Room,113.11706459567063,0.14861069767295035
2025-03-18 01:28:00,Living Room,54.984202778294154,0.1495271010525886
2025-03-18 01:29:00,Living Room,140.39133302603747,0.15186695660302255
2025-03-18 01:30:00,Living Room,140.93901920083962,0.15421594025636987
2025-03-18 01:31:00,Living Room,128.02130634301022,0.15634962869542005
2025-03-18 01:32:00,Living Room,50.70292038136191,0.15719467736844275
2025-03-18 01:33:00,Living Room,55.728025107762335,0.15812347778690547
2025-03-18 01:34:00,Living Room,72.52237022684898,0.15933218395735296
2025-03-18 01:35:00,Living Room,63.13494081449067,0.1603844329709278
2025-03-18 01:36:00,Living Room,89.88360297037295,0.16188249302043403
2025-03-18 01:37:00,Living Room,142.26230580877896,0.16425353145058036
2025-03-18 01:38:00,Living Room,97.20604341969982,0.16587363217424203
2025-03-18 01:39:00,Living Room,51.34026264321656,0.16672930321829563
2025-03-18 01:40:00,Living Room,78.2745689578762,0.16803387936759356
2025-03-18 01:41:00,Living Room,54.45949083729615,0.16894153754821517
2025-03-18 01:42:00,Living Room,53.62876226135022,0.16983535025257102
2025-03-18 01:43:00,Living Room,77.57198530955523,0.17112821667439693
2025-03-18 01:44:00,Living Room,77.56123386789454,0.1724209039055285
2025-03-18 01:45:00,Living Room,128.71266026016042,0.1745661149098645
2025-03-18 01:46:00,Living Room,147.4834652781112,0.17702417266449968
2025-03-18 01:47:00,Living Room,87.12070938899983,0.17847618448764968
2025-03-18 01:48:00,Living Room,92.88868788610387,0.1800243292857514
2025-03-18 01:49:00,Living Room,134.47894362860214,0.18226564501289477
2025-03-18 01:50:00,Living Room,76.81390200955134,0.18354587671305397
2025-03-18 01:51:00,Living Room,65.6381804403448,0.18463984638705971
2025-03-18 01:52:00,Living Room,135.30896234036504,0.18689499575939914
2025-03-18 01:53:00,Living Room,54.65005864400655,0.18780583007013257
2025-03-18 01:54:00,Living Room,111.96994401994158,0.18967199580379826
2025-03-18 01:55:00,Living Room,106.19928474668068,0.19144198388290962
2025-03-18 01:56:00,Living Room,84.59204475016944,0.19285185129541244
2025-03-18 01:57:00,Living Room,81.51895210973589,0.19421050049724137
2025-03-18 01:58:00,Living Room,127.18577261816213,0.19633026337421072
2025-03-18 01:59:00,Living Room,58.64246107625465,0.19730763772548163
2025-03-18 02:00:00,Living Room,73.67843093113854,0.19853561157433394
2025-03-18 02:01:00,Living Room,123.24487318380898,0.20058969279406408
2025-03-18 02:02:00,Living Room,104.83205837264242,0.20233689376694144
2025-03-18 02:03:00,Living Room,62.798820853358635,0.20338354078116408
2025-03-18 02:04:00,Living Room,138.213561428206,0.20568710013830085
2025-03-18 02:05:00,Living Room,89.34478465635915,0.2071761798825735
2025-03-18 02:06:00,Living Room,132.78683753221728,0.20938929384144378
2025-03-18 02:07:00,Living Room,128.77130155277086,0.21153548220065663
2025-03-18 02:08:00,Living Room,112.44254464717281,0.21340952461144283
2025-03-18 02:09:00,Living Room,99.4481131295093,0.2150669931636013
2025-03-18 02:10:00,Living Room,147.9550840381757,0.21753291123090424
2025-03-18 02:11:00,Living Room,64.4965072379817,0.21860785301820393
2025-03-18 02:12:00,Living Room,122.51557275511148,0.22064977923078913
2025-03-18 02:13:00,Living Room,69.1190701464789,0.22180176373323043
2025-03-18 02:14:00,Living Room,83.82631053323485,0.22319886890878435
2025-03-18 02:15:00,Living Room,80.86987433731953,0.22454670014773967
2025-03-18 02:16:00,Living Room,144.7035987738723,0.22695842679397088
2025-03-18 02:17:00,Living Room,146.73561777882753,0.22940402042361802
2025-03-18 02:18:00,Living Room,68.30154442347272,0.23054237949734255
2025-03-18 02:19:00,Living Room,52.20351602975042,0.23141243809783837
2025-03-18 02:20:00,Living Room,122.00080396631131,0.23344578483061024
2025-03-18 02:21:00,Living Room,91.79899338704843,0.23497576805372772
2025-03-18 02:22:00,Living Room,58.88402450875644,0.235957168462207
2025-03-18 02:23:00,Living Room,118.37541055770426,0.23793009197150206
2025-03-18 02:24:00,Living Room,104.51055282606997,0.23967193451860322
2025-03-18 02:25:00,Living Room,148.0516822001106,0.24213946255527172
2025-03-18 02:26:00,Living Room,72.7409495861379,0.2433518117150407
2025-03-18 02:27:00,Living Room,90.39778763265483,0.24485844150891828
2025-03-18 02:28:00,Living Room,104.25458033954229,0.24659601784791066
2025-03-18 02:29:00,Living Room,129.16999884533516,0.24874885116199957
2025-03-18 02:30:00,Living Room,104.88386567200587,0.25049691558986636
2025-03-18 02:31:00,Living Room,111.29001608619492,0.25235174919130293
2025-03-18 02:32:00,Living Room,72.61470515899407,0.25356199427728615
2025-03-18 02:33:00,Living Room,134.69187280885598,0.2558068588241004
2025-03-18 02:34:00,Living Room,92.86305469704757,0.25735457640238457
2025-03-18 02:35:00,Living Room,64.09596275217693,0.2584228424482542
2025-03-18 02:36:00,Living Room,116.41879145054173,0.26036315563909657
2025-03-18 02:37:00,Living Room,71.60904531853075,0.26155663972773874
2025-03-18 02:38:00,Living Room,59.75625102392998,0.26255257724480424
2025-03-18 02:39:00,Living Room,136.19869084042722,0.264822555425478
2025-03-18 02:40:00,Living Room,96.01622644884397,0.26642282586629207
2025-03-18 02:41:00,Living Room,124.92837126957764,0.2685049653874517
2025-03-18 02:42:00,Living Room,79.05875598063551,0.2698226113204623
2025-03-18 02:43:00,Living Room,128.69701349176663,0.2719675615453251
2025-03-18 02:44:00,Living Room,61.19359270215303,0.2729874547570276
2025-03-18 02:45:00,Living Room,85.59733737948528,0.2744140770466857
2025-03-18 02:46:00,Living Room,147.80618179735285,0.2768775134099749
2025-03-18 02:47:00,Living Room,129.3989716368006,0.2790341629372549
2025-03-18 02:48:00,Living Room,99.72559303146882,0.28069625615444604
2025-03-18 02:49:00,Living Room,83.97774715618851,0.2820958852737159
2025-03-18 02:50:00,Living Room,137.21357000224765,0.2843827781070867
2025-03-18 02:51:00,Living Room,104.48477590845157,0.2861241910388942
2025-03-18 02:52:00,Living Room,125.84250178691111,0.28822156606867605
2025-03-18 02:53:00,Living Room,125.4107680316164,0.29031174553586964
2025-03-18 02:54:00,Living Room,51.794567856849184,0.29117498833348376
2025-03-18 02:55:00,Living Room,62.62537827926135,0.29221874463813813
2025-03-18 02:56:00,Living Room,115.96293663947422,0.294151460248796
2025-03-18 02:57:00,Living Room,66.16198112858714,0.29525415993427245
2025-03-18 02:58:00,Living Room,75.54933446556046,0.29651331550869847
2025-03-18 02:59:00,Living Room,144.6637954199607,0.29892437876569783
2025-03-18 03:00:00,Living Room,106.01822583749119,0.3006913491963227
2025-03-18 03:01:00,Living Room,125.07295069993472,0.3027758983746549
2025-03-18 03:02:00,Living Room,105.79807387826398,0.3045391996059593
2025-03-18 03:03:00,Living Room,105.25136147827251,0.30629338896393055
2025-03-18 03:04:00,Living Room,59.41519101256979,0.3072836421474734
2025-03-18 03:05:00,Living Room,84.3663192609103,0.30868974746848854
2025-03-18 03:06:00,Living Room,78.24308986865117,0.3099937989662994
2025-03-18 03:07:00,Living Room,89.07283656136133,0.3114783462423221
2025-03-18 03:08:00,Living Room,129.83441882243284,0.313642253222696
2025-03-18 03:09:00,Living Room,87.19326679168648,0.3150954743358908
2025-03-18 03:10:00,Living Room,95.16968192316827,0.31668163570127694
2025-03-18 03:11:00,Living Room,89.73813904853165,0.3181772713520858
2025-03-18 03:12:00,Living Room,59.34079719752956,0.3191662846387113
2025-03-18 03:13:00,Living Room,94.10721582507837,0.3207347382357959
2025-03-18 03:14:00,Living Room,69.5609273044515,0.3218940870242034
2025-03-18 03:15:00,Living Room,68.67232957730414,0.3230386258504918
2025-03-18 03:16:00,Living Room,59.403610443426636,0.32402868602454893
2025-03-18 03:17:00,Living Room,85.66709741417648,0.32545647098145186
2025-03-18 03:18:00,Living Room,125.74818847894174,0.32755227412276755
2025-03-18 03:19:00,Living Room,77.6441690583396,0.3288463436070732
2025-03-18 03:20:00,Living Room,81.23491018855135,0.3302002587768824
2025-03-18 03:21:00,Living Room,114.26746576724236,0.3321047165396698
2025-03-18 03:22:00,Living Room,69.5840812586919,0.33326445122731463
2025-03-18 03:23:00,Living Room,139.69579304235344,0.3355927144446872
2025-03-18 03:24:00,Living Room,102.01905232515544,0.3372930319834398
2025-03-18 03:25:00,Living Room,94.7602940320217,0.3388723702173068
2025-03-18 03:26:00,Living Room,105.78201919292013,0.34063540387052216
2025-03-18 03:27:00,Living Room,66.60343134161954,0.34174546105954917
2025-03-18 03:28:00,Living Room,111.34731386391763,0.3436012496239478
2025-03-18 03:29:00,Living Room,86.31007366340104,0.34503975085167116
2025-03-18 03:30:00,Living Room,139.7186340964619,0.34736839475327885
2025-03-18 03:31:00,Living Room,66.88542066776861,0.3484831517644083
2025-03-18 03:32:00,Living Room,100.7051103865441,0.3501615702708507
2025-03-18 03:33:00,Living Room,109.8112629369018,0.35199175798646576
2025-03-18 03:34:00,Living Room,53.33836017863812,0.35288073065610975
2025-03-18 03:35:00,Living Room,86.36931247561402,0.35432021919737
2025-03-18 03:36:00,Living Room,123.26352347008329,0.3563746112552047
2025-03-18 03:37:00,Living Room,132.03775074489732,0.35857524043428635
2025-03-18 03:38:00,Living Room,81.31619948172823,0.3599305104256485
2025-03-18 03:39:00,Living Room,129.8593272382751,0.36209483254628644
2025-03-18 03:40:00,Living Room,146.77558771033887,0.36454109234145876
2025-03-18 03:41:00,Living Room,135.68739360750942,0.3668025489015839
2025-03-18 03:42:00,Living Room,61.76439881593252,0.3678319555485161
2025-03-18 03:43:00,Living Room,123.97303320855406,0.36989817276865866
2025-03-18 03:44:00,Living Room,81.96668324405448,0.37126428415605955
2025-03-18 03:45:00,Living Room,148.84159894120765,0.37374497747174634
2025-03-18 03:46:00,Living Room,98.5358983159887,0.3753872424436795
2025-03-18 03:47:00,Living Room,62.24338983589411,0.37642463227427775
2025-03-18 03:48:00,Living Room,122.51855480273908,0.3784666081876567
2025-03-18 03:49:00,Living Room,82.30111983862139,0.3798382935183004
2025-03-18 03:50:00,Living Room,149.70781570816615,0.38233342378010315
2025-03-18 03:51:00,Living Room,147.9782457854522,0.38479972787652733
2025-03-18 03:52:00,Living Room,115.61340180205806,0.38672661790656165
2025-03-18 03:53:00,Living Room,62.98264489517176,0.38777632865481454
2025-03-18 03:54:00,Living Room,118.68609976750291,0.38975443031760626
2025-03-18 03:55:00,Living Room,59.30304864600272,0.3907428144617063
2025-03-18 03:56:00,Living Room,52.93641591023923,0.3916250880602103
2025-03-18 03:57:00,Living Room,132.2958446221486,0.3938300188039128
2025-03-18 03:58:00,Living Room,70.97529476836814,0.3950129403833856
2025-03-18 03:59:00,Living Room,87.90271262190974,0.39647798559375075
2025-03-18 04:00:00,Living Room,147.34573899761733,0.3989337479103777
2025-03-18 04:01:00,Living Room,83.68405018611033,0.4003284820801462
2025-03-18 04:02:00,Living Room,79.64897812833152,0.40165596504895174
2025-03-18 04:03:00,Living Room,141.82079996227753,0.40401964504832305
2025-03-18 04:04:00,Living Room,61.07484453189581,0.40503755912385464
2025-03-18 04:05:00,Living Room,125.95824101146317,0.40713686314071235
2025-03-18 04:06:00,Living Room,148.8065566652774,0.40961697241846695
2025-03-18 04:07:00,Living Room,140.12960107746488,0.411952465769758
2025-03-18 04:08:00,Living Room,115.1667918706426,0.4138719123009354
2025-03-18 04:09:00,Living Room,81.4060794992732,0.41522868029258997
2025-03-18 04:10:00,Living Room,75.43219811783167,0.41648588359455385
2025-03-18 04:11:00,Living Room,131.9255104871461,0.418684642102673
2025-03-18 04:12:00,Living Room,137.98219139516954,0.4209843452925925
2025-03-18 04:13:00,Living Room,102.54349125456929,0.42269340348016865
2025-03-18 04:14:00,Living Room,74.4339940786466,0.4239339700481461
2025-03-18 04:15:00,Living Room,61.294320841117354,0.42495554206216474
2025-03-18 04:16:00,Living Room,58.717946783183116,0.42593417450855114
2025-03-18 04:17:00,Living Room,121.90774473538556,0.4279659702541409
2025-03-18 04:18:00,Living Room,92.01187278477249,0.42949950146722043
2025-03-18 04:19:00,Living Room,140.53598742778703,0.4318417679243502
2025-03-18 04:20:00,Living Room,123.96713007267637,0.4339078867588948
2025-03-18 04:21:00,Living Room,69.12604179145868,0.43505998745541913
2025-03-18 04:22:00,Living Room,111.3777418815699,0.4369162831534453
2025-03-18 04:23:00,Living Room,93.55054543981593,0.43847545891077555
2025-03-18 04:24:00,Living Room,107.72497307686132,0.44027087512872326
2025-03-18 04:25:00,Living Room,123.80691233385171,0.44233432366762077
2025-03-18 04:26:00,Living Room,130.61958810037908,0.44451131680262707
2025-03-18 04:27:00,Living Room,134.37373264067242,0.44675087901330496
2025-03-18 04:28:00,Living Room,75.39748745720247,0.44800750380425836
2025-03-18 04:29:00,Living Room,53.11155999173577,0.4488926964707873
2025-03-18 04:30:00,Living Room,123.92947351647732,0.4509581876960619
2025-03-18 04:31:00,Living Room,60.634372625577456,0.4519687605731548
2025-03-18 04:32:00,Living Room,81.49195886129677,0.45332695988750976
2025-03-18 04:33:00,Living Room,50.38171341243471,0.45416665511105037
2025-03-18 04:34:00,Living Room,118.166948240162,0.4561361042483864
2025-03-18 04:35:00,Living Room,66.71320114712212,0.4572479909341718
2025-03-18 04:36:00,Living Room,115.52824096916582,0.45917346161699124
2025-03-18 04:37:00,Living Room,149.1742617167839,0.46165969931227097
2025-03-18 04:38:00,Living Room,57.267087161001626,0.4626141507649543
2025-03-18 04:39:00,Living Room,57.70780119514607,0.46357594745154007
2025-03-18 04:40:00,Living Room,84.03800926666749,0.4649765809393179
2025-03-18 04:41:00,Living Room,136.63865142513419,0.4672538917964034
2025-03-18 04:42:00,Living Room,71.55298687913319,0.4684464415777223
2025-03-18 04:43:00,Living Room,86.03778199303476,0.46988040461093955
2025-03-18 04:44:00,Living Room,56.85054066269796,0.4708279136219845
2025-03-18 04:45:00,Living Room,126.31552912588894,0.47293317244074934
2025-03-18 04:46:00,Living Room,90.8306342759451,0.4744470163453484
2025-03-18 04:47:00,Living Room,125.92487330608428,0.47654576423378314
2025-03-18 04:48:00,Living Room,140.3607844346795,0.4788851106410278
2025-03-18 04:49:00,Living Room,73.27631471012887,0.48010638255286325
2025-03-18 04:50:00,Living Room,130.73960303399514,0.4822853759367632
2025-03-18 04:51:00,Living Room,55.909389007825325,0.4832171990868936
2025-03-18 04:52:00,Living Room,139.88473881802474,0.48554861140052735
2025-03-18 04:53:00,Living Room,115.07685475587473,0.4874665589797919
2025-03-18 04:54:00,Living Room,137.42267241383516,0.4897569368533558
2025-03-18 04:55:00,Living Room,50.01883995565819,0.4905905841859501
2025-03-18 04:56:00,Living Room,66.90810703559924,0.49170571930321005
2025-03-18 04:57:00,Living Room,88.9759387426492,0.49318865161558756
2025-03-18 04:58:00,Living Room,87.95029033747186,0.49465448978787874
2025-03-18 04:59:00,Living Room,72.67303829235107,0.49586570709275124
2025-03-18 05:00:00,Living Room,88.16119398672001,0.4973350603258632
2025-03-18 05:01:00,Living Room,62.884871200025486,0.4983831415125303
2025-03-18 05:02:00,Living Room,91.27611292660261,0.49990441006130704
2025-03-18 05:03:00,Living Room,130.23543291592642,0.5020750006099058
2025-03-18 05:04:00,Living Room,97.90700631033512,0.5037067840484114
2025-03-18 05:05:00,Living Room,51.8000088945215,0.5045701175299868
2025-03-18 05:06:00,Living Room,92.14440415792474,0.5061058575992856
2025-03-18 05:07:00,Living Room,52.717501609084415,0.5069844826261037
2025-03-18 05:08:00,Living Room,146.6243410706798,0.5094282216439484
2025-03-18 05:09:00,Living Room,62.7453959422869,0.5104739782429866
2025-03-18 05:10:00,Living Room,120.76883263306188,0.5124867921202043
2025-03-18 05:11:00,Living Room,147.27763228920858,0.5149414193250245
2025-03-18 05:12:00,Living Room,132.60390516665717,0.5171514844111355
2025-03-18 05:13:00,Living Room,119.93153751262037,0.5191503433696791
2025-03-18 05:14:00,Living Room,133.9460909500767,0.521382778218847
2025-03-18 05:15:00,Living Room,148.17986932606277,0.5238524427076148
2025-03-18 05:16:00,Living Room,112.13444972535297,0.5257213502030373
2025-03-18 05:17:00,Living Room,105.91848068293265,0.5274866582144195
2025-03-18 05:18:00,Living Room,112.82381104632813,0.5293670550651917
2025-03-18 05:19:00,Living Room,103.2675886761555,0.5310881815431275
2025-03-18 05:20:00,Living Room,113.50891059097188,0.5329799967196437
2025-03-18 05:21:00,Living Room,94.98422079725592,0.5345630670662647
2025-03-18 05:22:00,Living Room,71.84431828833071,0.5357604723710702
2025-03-18 05:23:00,Living Room,62.024722651167565,0.5367942177485896
2025-03-18 05:24:00,Living Room,56.83409355322604,0.5377414526411434
2025-03-18 05:25:00,Living Room,76.33157837532,0.5390136456140654
2025-03-18 05:26:00,Living Room,54.61235643357338,0.539923851554625
2025-03-18 05:27:00,Living Room,106.71707799193857,0.5417024695211573
2025-03-18 05:28:00,Living Room,78.38284470235203,0.5430088502661965
2025-03-18 05:29:00,Living Room,132.4534808087032,0.5452164082796749
2025-03-18 05:30:00,Living Room,57.42408729883864,0.5461734764013222
2025-03-18 05:31:00,Living Room,72.63514943414859,0.5473840622252246
2025-03-18 05:32:00,Living Room,123.02461470901459,0.5494344724703749
2025-03-18 05:33:00,Living Room,109.88082963834914,0.5512658196310141
2025-03-18 05:34:00,Living Room,56.44912712491676,0.5522066384164294
2025-03-18 05:35:00,Living Room,137.72394571622004,0.5545020375116997
2025-03-18 05:36:00,Living Room,137.72617628261796,0.5567974737830766
2025-03-18 05:37:00,Living Room,83.04080038757738,0.5581814871228696
2025-03-18 05:38:00,Living Room,84.04058433495646,0.5595821635284522
2025-03-18 05:39:00,Living Room,148.90283583501738,0.5620638774590359
2025-03-18 05:40:00,Living Room,112.61761715931382,0.5639408377450245
2025-03-18 05:41:00,Living Room,103.1316520568059,0.5656596986126379
2025-03-18 05:42:00,Living Room,133.81521835519243,0.5678899522518911
2025-03-18 05:43:00,Living Room,78.52903383573164,0.5691987694824866
2025-03-18 05:44:00,Living Room,92.91825933963568,0.5707474071381472
2025-03-18 05:45:00,Living Room,76.77766754883342,0.5720270349306278
2025-03-18 05:46:00,Living Room,128.91608465887316,0.574175636341609
2025-03-18 05:47:00,Living Room,107.3349345635218,0.5759645519176676
2025-03-18 05:48:00,Living Room,115.88250701400705,0.5778959270345677
2025-03-18 05:49:00,Living Room,75.23072498394066,0.5791497724509668
2025-03-18 05:50:00,Living Room,72.02253013773151,0.5803501479532623
2025-03-18 05:51:00,Living Room,98.83746289829386,0.5819974390015672
2025-03-18 05:52:00,Living Room,123.75657490928268,0.5840600485833886
2025-03-18 05:53:00,Living Room,102.52397575201601,0.5857687815125888
2025-03-18 05:54:00,Living Room,53.26456775456686,0.5866565243084982
2025-03-18 05:55:00,Living Room,136.85515063202888,0.5889374434856988
2025-03-18 05:56:00,Living Room,56.468689351513156,0.5898785883082239
2025-03-18 05:57:00,Living Room,145.58244837207522,0.5923049624477585
2025-03-18 05:58:00,Living Room,52.51419582772727,0.5931801990448873
2025-03-18 05:59:00,Living Room,119.44504561307087,0.5951709498051051
2025-03-18 06:00:00,Living Room,224.6621191135345,0.5989153184569973
2025-03-18 06:01:00,Living Room,473.20297383054185,0.6068020346875064
2025-03-18 06:02:00,Living Room,339.32997086766284,0.6124575342019675
2025-03-18 06:03:00,Living Room,241.25713244510462,0.6164784864093859
2025-03-18 06:04:00,Living Room,302.244709936954,0.6215158982416684
2025-03-18 06:05:00,Living Room,249.4474026040286,0.6256733549517356
2025-03-18 06:06:00,Living Room,251.174573467127,0.6298595978428544
2025-03-18 06:07:00,Living Room,484.4324960514327,0.6379334727770449
2025-03-18 06:08:00,Living Room,333.57383368543645,0.6434930366718022
2025-03-18 06:09:00,Living Room,436.64067917160787,0.6507703813246624
2025-03-18 06:10:00,Living Room,391.8816683533046,0.6573017424638841
2025-03-18 06:11:00,Living Room,402.9279087015177,0.6640172076089094
2025-03-18 06:12:00,Living Room,239.50803154161156,0.6680090081346028
2025-03-18 06:13:00,Living Room,270.2553340446457,0.6725132637020136
2025-03-18 06:14:00,Living Room,436.0251005463311,0.6797803487111191
2025-03-18 06:15:00,Living Room,491.22986194243487,0.6879675130768264
2025-03-18 06:16:00,Living Room,278.80269277959553,0.6926142246231529
2025-03-18 06:17:00,Living Room,281.4706294253119,0.6973054017802415
2025-03-18 06:18:00,Living Room,341.86913984327145,0.7030032207776293
2025-03-18 06:19:00,Living Room,495.1520938566313,0.7112557556752399
2025-03-18 06:20:00,Living Room,280.6876837479413,0.7159338837377056
2025-03-18 06:21:00,Living Room,322.09157289027917,0.7213020766192103
2025-03-18 06:22:00,Living Room,467.44400468705203,0.7290928100306612
2025-03-18 06:23:00,Living Room,200.8763097864086,0.7324407485271013
2025-03-18 06:24:00,Living Room,211.92978949657086,0.7359729116853775
2025-03-18 06:25:00,Living Room,381.2215031213658,0.7423266034040669
2025-03-18 06:26:00,Living Room,472.21404941385407,0.7501968375609644
2025-03-18 06:27:00,Living Room,271.6569981205783,0.7547244541963074
2025-03-18 06:28:00,Living Room,340.8925324042127,0.7604059964030443
2025-03-18 06:29:00,Living Room,335.13959049734547,0.7659916562446667
2025-03-18 06:30:00,Living Room,341.89140382865304,0.7716898463084776
2025-03-18 06:31:00,Living Room,386.7559087189236,0.7781357781204596
2025-03-18 06:32:00,Living Room,340.9231288972051,0.7838178302687464
2025-03-18 06:33:00,Living Room,334.2404423967373,0.789388504308692
2025-03-18 06:34:00,Living Room,342.28652612937816,0.7950932797441816
2025-03-18 06:35:00,Living Room,377.26023238131245,0.8013809502838702
2025-03-18 06:36:00,Living Room,361.1022465054075,0.8073993210589604
2025-03-18 06:37:00,Living Room,456.2407992951513,0.8150033343805463
2025-03-18 06:38:00,Living Room,214.84905604809998,0.8185841519813479
2025-03-18 06:39:00,Living Room,449.99512144190373,0.8260840706720464
2025-03-18 06:40:00,Living Room,453.1773837835172,0.8336370270684383
2025-03-18 06:41:00,Living Room,285.47240645928827,0.8383949005094264
2025-03-18 06:42:00,Living Room,338.8555865047552,0.844042493617839
2025-03-18 06:43:00,Living Room,331.56154656123067,0.8495685193938595
2025-03-18 06:44:00,Living Room,265.5529503062391,0.8539944018989635
2025-03-18 06:45:00,Living Room,319.03905412589495,0.8593117194677284
2025-03-18 06:46:00,Living Room,213.31633165125632,0.862866991661916
2025-03-18 06:47:00,Living Room,283.3466218345203,0.867589435359158
2025-03-18 06:48:00,Living Room,445.0046526352154,0.8750061795697449
2025-03-18 06:49:00,Living Room,285.36869052886925,0.8797623244118927
2025-03-18 06:50:00,Living Room,445.4620006244743,0.8871866910889673
2025-03-18 06:51:00,Living Room,359.47983938132927,0.8931780217453228
2025-03-18 06:52:00,Living Room,463.958803208348,0.900910668465462
2025-03-18 06:53:00,Living Room,372.43386627932455,0.9071178995701173
2025-03-18 06:54:00,Living Room,208.90046691942194,0.9105995740187743
2025-03-18 06:55:00,Living Room,402.62606226412674,0.9173100083898431
2025-03-18 06:56:00,Living Room,213.4560704070706,0.9208676095632943
2025-03-18 06:57:00,Living Room,335.1791056949402,0.9264539279915432
2025-03-18 06:58:00,Living Room,478.8280083419342,0.9344343947972421
2025-03-18 06:59:00,Living Room,249.56118180135505,0.9385937478272647
2025-03-18 07:00:00,Living Room,316.9617058824632,0.9438764429253057
2025-03-18 07:01:00,Living Room,418.9580926545435,0.9508590778028815
2025-03-18 07:02:00,Living Room,464.6775668284543,0.958603703916689
2025-03-18 07:03:00,Living Room,401.2829014227524,0.9652917522737349
2025-03-18 07:04:00,Living Room,277.4519762573508,0.969915951878024
2025-03-18 07:05:00,Living Room,402.38235587486486,0.9766223244759384
2025-03-18 07:06:00,Living Room,289.01829233122703,0.9814392960147922
2025-03-18 07:07:00,Living Room,415.5287689456206,0.9883647754972192
2025-03-18 07:08:00,Living Room,486.2099382755122,0.9964682744684777
2025-03-18 07:09:00,Living Room,416.4180353318865,1.0034085750573425
2025-03-18 07:10:00,Living Room,458.8641508737237,1.011056310905238
2025-03-18 07:11:00,Living Room,200.63115295276504,1.0144001634544506
2025-03-18 07:12:00,Living Room,415.27163741947834,1.021321357411442
2025-03-18 07:13:00,Living Room,448.87626705957507,1.0288026285291014
2025-03-18 07:14:00,Living Room,212.16762126340444,1.0323387555501582
2025-03-18 07:15:00,Living Room,461.4793181864692,1.0400300775199327
2025-03-18 07:16:00,Living Room,277.00826849301376,1.0446468819948163
2025-03-18 07:17:00,Living Room,399.5876305934166,1.0513066758380398
2025-03-18 07:18:00,Living Room,440.106463707022,1.0586417835664903
2025-03-18 07:19:00,Living Room,398.7993539178067,1.0652884394651203
2025-03-18 07:20:00,Living Room,227.68543762197717,1.06908319675882
2025-03-18 07:21:00,Living Room,378.89645565811054,1.075398137686455
2025-03-18 07:22:00,Living Room,364.87509701664305,1.081479389303399
2025-03-18 07:23:00,Living Room,470.09638042228147,1.0893143289771037
2025-03-18 07:24:00,Living Room,321.27191889326275,1.0946688609586581
2025-03-18 07:25:00,Living Room,296.324329126115,1.0996075997774266
2025-03-18 07:26:00,Living Room,424.9552293309399,1.1066901869329422
2025-03-18 07:27:00,Living Room,323.802597825019,1.1120868968966926
2025-03-18 07:28:00,Living Room,393.8288525015189,1.1186507111050512
2025-03-18 07:29:00,Living Room,393.9350270373821,1.1252162948890077
2025-03-18 07:30:00,Living Room,466.41171930803534,1.1329898235441416
2025-03-18 07:31:00,Living Room,379.6077206957292,1.1393166188890704
2025-03-18 07:32:00,Living Room,350.64608298859605,1.1451607202722136
2025-03-18 07:33:00,Living Room,241.66139791895512,1.1491884102375296
2025-03-18 07:34:00,Living Room,234.7212820036116,1.1531004316042566
2025-03-18 07:35:00,Living Room,246.2964695849238,1.1572053727640053
2025-03-18 07:36:00,Living Room,251.55454439812837,1.161397948503974
2025-03-18 07:37:00,Living Room,391.3631277990902,1.1679206673006255
2025-03-18 07:38:00,Living Room,422.29437508237356,1.1749589068853317
2025-03-18 07:39:00,Living Room,358.99745687792563,1.180942197833297
2025-03-18 07:40:00,Living Room,448.7053197636473,1.1884206198293579
2025-03-18 07:41:00,Living Room,497.37896802009,1.1967102692963594
2025-03-18 07:42:00,Living Room,446.0037887358068,1.2041436657752895
2025-03-18 07:43:00,Living Room,408.46471210278776,1.2109514109770028
2025-03-18 07:44:00,Living Room,359.74780983114397,1.2169472078075219
2025-03-18 07:45:00,Living Room,334.65592150241247,1.2225248064992287
2025-03-18 07:46:00,Living Room,225.3177141633627,1.2262801017352847
2025-03-18 07:47:00,Living Room,319.8106245184073,1.2316102788105914
2025-03-18 07:48:00,Living Room,473.04039103464027,1.2394942853278355
2025-03-18 07:49:00,Living Room,442.40678897196585,1.2468677318107015
2025-03-18 07:50:00,Living Room,264.81540950350615,1.2512813219690933
2025-03-18 07:51:00,Living Room,339.98233540916476,1.2569476942259126
2025-03-18 07:52:00,Living Room,445.0169607675634,1.2643646435720386
2025-03-18 07:53:00,Living Room,220.21536643565676,1.2680348996792996
2025-03-18 07:54:00,Living Room,316.2177757005978,1.2733051959409762
2025-03-18 07:55:00,Living Room,455.5523710621843,1.2808977354586792
2025-03-18 07:56:00,Living Room,321.1693592510371,1.2862505581128632
2025-03-18 07:57:00,Living Room,223.28439341943226,1.2899719646698538
2025-03-18 07:58:00,Living Room,362.7603105596754,1.2960179698458483
2025-03-18 07:59:00,Living Room,458.5227484754886,1.303660015653773
2025-03-18 08:00:00,Living Room,377.08566288594795,1.3099447767018721
2025-03-18 08:01:00,Living Room,267.88373246426954,1.3144095055762766
2025-03-18 08:02:00,Living Room,315.27188604121443,1.3196640370102968
2025-03-18 08:03:00,Living Room,335.03700835457965,1.3252479871495397
2025-03-18 08:04:00,Living Room,373.77990614615805,1.3314776522519758
2025-03-18 08:05:00,Living Room,427.8053077257839,1.3386077407140722
2025-03-18 08:06:00,Living Room,229.66208529219062,1.3424354421356086
2025-03-18 08:07:00,Living Room,466.8956099052699,1.3502170356340297
2025-03-18 08:08:00,Living Room,203.69291090482267,1.3536119174824435
2025-03-18 08:09:00,Living Room,311.0157004022766,1.358795512489148
2025-03-18 08:10:00,Living Room,208.2260929917973,1.3622659473723446
2025-03-18 08:11:00,Living Room,317.89226760358736,1.3675641518324044
2025-03-18 08:12:00,Living Room,357.7437796619971,1.3735265481601044
2025-03-18 08:13:00,Living Room,353.50441597445354,1.3794182884263453
2025-03-18 08:14:00,Living Room,249.6885041084796,1.38357976349482
2025-03-18 08:15:00,Living Room,393.7221530286837,1.3901417993786314
2025-03-18 08:16:00,Living Room,213.43353515140046,1.393699024964488
2025-03-18 08:17:00,Living Room,428.5720460397246,1.4008418923984836
2025-03-18 08:18:00,Living Room,483.99333019806386,1.4089084479017846
2025-03-18 08:19:00,Living Room,301.93064814533534,1.4139406253708735
2025-03-18 08:20:00,Living Room,355.17181451429957,1.4198601556127786
2025-03-18 08:21:00,Living Room,313.6730834176443,1.425088040336406
2025-03-18 08:22:00,Living Room,202.013117091218,1.4284549256212595
2025-03-18 08:23:00,Living Room,315.7623508685348,1.4337176314690685
2025-03-18 08:24:00,Living Room,437.51607777840394,1.4410095660987086
2025-03-18 08:25:00,Living Room,378.79665265504457,1.4473228436429593
2025-03-18 08:26:00,Living Room,230.37797438454768,1.4511624765493685
2025-03-18 08:27:00,Living Room,454.1418469081355,1.4587315073311706
2025-03-18 08:28:00,Living Room,359.32560346557284,1.4647202673889301
2025-03-18 08:29:00,Living Room,452.51700852340286,1.4722622175309867
2025-03-18 08:30:00,Living Room,374.0664556355088,1.4784966584582453
2025-03-18 08:31:00,Living Room,367.90653345138196,1.4846284340157683
2025-03-18 08:32:00,Living Room,231.5777555591037,1.4884880632750868
2025-03-18 08:33:00,Living Room,250.2079199415884,1.4926581952741131
2025-03-18 08:34:00,Living Room,491.60757694897734,1.5008516548899293
2025-03-18 08:35:00,Living Room,268.5460240264312,1.5053274219570365
2025-03-18 08:36:00,Living Room,493.2356353971104,1.5135480158803216
2025-03-18 08:37:00,Living Room,359.573811957279,1.5195409127462762
2025-03-18 08:38:00,Living Room,240.73671411918113,1.5235531913149292
2025-03-18 08:39:00,Living Room,229.79066082610788,1.527383035662031
2025-03-18 08:40:00,Living Room,262.659221211722,1.531760689348893
2025-03-18 08:41:00,Living Room,477.69119900760074,1.539722209332353
2025-03-18 08:42:00,Living Room,324.24506729846803,1.5451262937873276
2025-03-18 08:43:00,Living Room,318.63028039787434,1.5504367984606255
2025-03-18 08:44:00,Living Room,293.9618783210522,1.5553361630993097
2025-03-18 08:45:00,Living Room,244.1185551699765,1.559404805685476
2025-03-18 08:46:00,Living Room,346.3553591577219,1.5651773950047714
2025-03-18 08:47:00,Living Room,239.01433475334161,1.5691609672506603
2025-03-18 08:48:00,Living Room,450.6440709146983,1.5766717017659053
2025-03-18 08:49:00,Living Room,311.119095882592,1.5818570200306152
2025-03-18 08:50:00,Living Room,312.4410703345389,1.5870643712028576
2025-03-18 08:51:00,Living Room,342.2019285449468,1.5927677366786066
2025-03-18 08:52:00,Living Room,333.23831394972547,1.5983217085777688
2025-03-18 08:53:00,Living Room,498.4573919177965,1.6066293317763987
2025-03-18 08:54:00,Living Room,363.6143363654908,1.6126895707158235
2025-03-18 08:55:00,Living Room,226.4605111369612,1.6164639125681062
2025-03-18 08:56:00,Living Room,382.063202473079,1.6228316326093242
2025-03-18 08:57:00,Living Room,245.475287860964,1.626922887407007
2025-03-18 08:58:00,Living Room,209.2812934194026,1.630410908963997
2025-03-18 08:59:00,Living Room,491.22264610317444,1.6385979530657167
2025-03-18 09:00:00,Living Room,254.7077783069128,1.6428430827041651
2025-03-18 09:01:00,Living Room,296.0217984827534,1.6477767793455445
2025-03-18 09:02:00,Living Room,195.57568960444848,1.6510363741722853
2025-03-18 09:03:00,Living Room,206.45150622979523,1.6544772326094486
2025-03-18 09:04:00,Living Room,133.66739118382606,1.6567050224625124
2025-03-18 09:05:00,Living Room,149.3814853335171,1.6591947138847376
2025-03-18 09:06:00,Living Room,267.70984298056567,1.6636565446010803
2025-03-18 09:07:00,Living Room,171.23712942351884,1.666510496758139
2025-03-18 09:08:00,Living Room,265.36299475928377,1.6709332133374604
2025-03-18 09:09:00,Living Room,241.80274485740637,1.6749632590850838
2025-03-18 09:10:00,Living Room,135.4341850543731,1.6772204955026566
2025-03-18 09:11:00,Living Room,201.48927322394843,1.680578650056389
2025-03-18 09:12:00,Living Room,235.47746430374337,1.6845032744614514
2025-03-18 09:13:00,Living Room,147.00744296076502,1.6869533985107976
2025-03-18 09:14:00,Living Room,266.1377021040154,1.6913890268791978
2025-03-18 09:15:00,Living Room,208.96553150903736,1.6948717857376818
2025-03-18 09:16:00,Living Room,133.04841008852065,1.697089259239157
2025-03-18 09:17:00,Living Room,216.5968852329205,1.7006992073263725
2025-03-18 09:18:00,Living Room,299.9427608311828,1.7056982533402256
2025-03-18 09:19:00,Living Room,130.1042983326827,1.707866658312437
2025-03-18 09:20:00,Living Room,263.35138602390566,1.712255848079502
2025-03-18 09:21:00,Living Room,141.4618006375116,1.7146135447567938
2025-03-18 09:22:00,Living Room,256.47766589201746,1.7188881725216607
2025-03-18 09:23:00,Living Room,246.91558462428264,1.7230034322653986
2025-03-18 09:24:00,Living Room,160.09787712008648,1.7256717302174
2025-03-18 09:25:00,Living Room,165.16462351288996,1.728424473942615
2025-03-18 09:26:00,Living Room,258.50427839258384,1.7327328785824914
2025-03-18 09:27:00,Living Room,192.28910237746254,1.735937696955449
2025-03-18 09:28:00,Living Room,246.16360574236177,1.7400404237178217
2025-03-18 09:29:00,Living Room,129.59682947316696,1.742200370875708
2025-03-18 09:30:00,Living Room,270.5115563803107,1.7467088968153797
2025-03-18 09:31:00,Living Room,242.17694333646384,1.7507451792043207
2025-03-18 09:32:00,Living Room,281.38856176696675,1.7554349885671034
2025-03-18 09:33:00,Living Room,126.47447580699449,1.75754289649722
2025-03-18 09:34:00,Living Room,218.60290007211955,1.7611862781650887
2025-03-18 09:35:00,Living Room,219.82411700806503,1.7648500134485565
2025-03-18 09:36:00,Living Room,170.69214810935648,1.7676948825837124
2025-03-18 09:37:00,Living Room,191.69328491385156,1.77088977066561
2025-03-18 09:38:00,Living Room,107.5963126579707,1.7726830425432427
2025-03-18 09:39:00,Living Room,249.1720077254024,1.776835909338666
2025-03-18 09:40:00,Living Room,209.86449588063482,1.7803336509366767
2025-03-18 09:41:00,Living Room,111.54821037383476,1.7821927877762407
2025-03-18 09:42:00,Living Room,236.1511785920971,1.7861286407527757
2025-03-18 09:43:00,Living Room,193.35641544623758,1.7893512476768796
2025-03-18 09:44:00,Living Room,106.89225188500001,1.7911327852082963
2025-03-18 09:45:00,Living Room,293.9215453696191,1.7960314776311233
2025-03-18 09:46:00,Living Room,289.82242861788814,1.8008618514414214
2025-03-18 09:47:00,Living Room,202.5804832294395,1.8042381928285787
2025-03-18 09:48:00,Living Room,118.73448414118204,1.8062171008975985
2025-03-18 09:49:00,Living Room,250.92424431971835,1.8103991716362604
2025-03-18 09:50:00,Living Room,198.3862200211458,1.8137056086366128
2025-03-18 09:51:00,Living Room,160.48949565787598,1.816380433564244
2025-03-18 09:52:00,Living Room,198.28363550571135,1.8196851608226725
2025-03-18 09:53:00,Living Room,204.4888290810929,1.8230933079740241
2025-03-18 09:54:00,Living Room,212.54233980446784,1.8266356803040986
2025-03-18 09:55:00,Living Room,188.2447427310653,1.8297730926829496
2025-03-18 09:56:00,Living Room,221.15106062781132,1.8334589436934132
2025-03-18 09:57:00,Living Room,283.7469421212755,1.8381880593954345
2025-03-18 09:58:00,Living Room,172.45361741971823,1.8410622863524297
2025-03-18 09:59:00,Living Room,245.1432926439898,1.8451480078964961
2025-03-18 10:00:00,Living Room,278.8905113648465,1.8497961830859102
2025-03-18 10:01:00,Living Room,191.1958551519874,1.8529827806717767
2025-03-18 10:02:00,Living Room,188.69116727638084,1.8561276334597163
2025-03-18 10:03:00,Living Room,220.4233970709559,1.8598013567442322
2025-03-18 10:04:00,Living Room,218.2813518844976,1.8634393792756405
2025-03-18 10:05:00,Living Room,261.3178684652554,1.8677946770833949
2025-03-18 10:06:00,Living Room,195.29667675565855,1.871049621695989
2025-03-18 10:07:00,Living Room,299.22458992788825,1.8760366981947871
2025-03-18 10:08:00,Living Room,111.89431377345616,1.8779016034243448
2025-03-18 10:09:00,Living Room,100.63356971614034,1.8795788295862805
2025-03-18 10:10:00,Living Room,228.03966231192476,1.8833794906248127
2025-03-18 10:11:00,Living Room,159.68698247237535,1.8860409403326857
2025-03-18 10:12:00,Living Room,148.07647773989675,1.8885088816283506
2025-03-18 10:13:00,Living Room,162.3798160008561,1.8912152118950316
2025-03-18 10:14:00,Living Room,151.20951302099087,1.8937353704453814
2025-03-18 10:15:00,Living Room,106.15800993208957,1.8955046706109162
2025-03-18 10:16:00,Living Room,294.3066084781177,1.9004097807522182
2025-03-18 10:17:00,Living Room,144.14909769055635,1.9028122657137274
2025-03-18 10:18:00,Living Room,246.80595251786127,1.9069256982556917
2025-03-18 10:19:00,Living Room,252.51927893883504,1.9111343529046723
2025-03-18 10:20:00,Living Room,285.8514796014458,1.915898544231363
2025-03-18 10:21:00,Living Room,106.109891418676,1.9176670424216742
2025-03-18 10:22:00,Living Room,274.40966768940154,1.9222405368831643
2025-03-18 10:23:00,Living Room,205.44523616796005,1.9256646241526303
2025-03-18 10:24:00,Living Room,226.50882199316558,1.9294397711858498
2025-03-18 10:25:00,Living Room,228.89405542420673,1.9332546721095865
2025-03-18 10:26:00,Living Room,263.95956099694547,1.9376539981262022
2025-03-18 10:27:00,Living Room,166.68146443182212,1.9404320225333993
2025-03-18 10:28:00,Living Room,246.61023797199869,1.9445421931662659
2025-03-18 10:29:00,Living Room,205.71562194443942,1.9479707868653398
2025-03-18 10:30:00,Living Room,258.6788028610696,1.9522821002463575
2025-03-18 10:31:00,Living Room,298.1092065540267,1.9572505870222578
2025-03-18 10:32:00,Living Room,140.13020348075224,1.9595860904136038
2025-03-18 10:33:00,Living Room,298.9297283119996,1.964568252552137
2025-03-18 10:34:00,Living Room,117.9624308565548,1.966534293066413
2025-03-18 10:35:00,Living Room,100.46350958096278,1.9682086848927622
2025-03-18 10:36:00,Living Room,108.83238723556624,1.970022558013355
2025-03-18 10:37:00,Living Room,168.35648094735234,1.9728284993624776
2025-03-18 10:38:00,Living Room,226.58126613568683,1.9766048537980725
2025-03-18 10:39:00,Living Room,113.80590817756993,1.9785016189343654
2025-03-18 10:40:00,Living Room,101.13316290591345,1.980187171649464
2025-03-18 10:41:00,Living Room,287.41820569175894,1.9849774750776599
2025-03-18 10:42:00,Living Room,264.3853271879859,1.9893838971974596
2025-03-18 10:43:00,Living Room,261.8366342278062,1.9937478411012564
2025-03-18 10:44:00,Living Room,276.8848551003954,1.998362588686263
2025-03-18 10:45:00,Living Room,240.00685455442087,2.0023627029288367
2025-03-18 10:46:00,Living Room,120.88082594961628,2.00437738336133
2025-03-18 10:47:00,Living Room,179.8200376147446,2.0073743839882425
2025-03-18 10:48:00,Living Room,244.6298972929259,2.011451548943125
2025-03-18 10:49:00,Living Room,156.0668921583042,2.01405266381243
2025-03-18 10:50:00,Living Room,237.48127282724752,2.0180106850262174
2025-03-18 10:51:00,Living Room,104.89968965353047,2.0197590131871097
2025-03-18 10:52:00,Living Room,161.22746817591866,2.022446137656708
2025-03-18 10:53:00,Living Room,209.82606725543454,2.025943238777632
2025-03-18 10:54:00,Living Room,226.41796590124846,2.029716871542653
2025-03-18 10:55:00,Living Room,215.40813289238218,2.033307007090859
2025-03-18 10:56:00,Living Room,239.5512552146859,2.037299528011104
2025-03-18 10:57:00,Living Room,101.21774964796782,2.038986490505237
2025-03-18 10:58:00,Living Room,120.18823999550429,2.040989627838495
2025-03-18 10:59:00,Living Room,273.788850455829,2.0455527753460925
2025-03-18 11:00:00,Living Room,236.34972881803225,2.04949193749306
2025-03-18 11:01:00,Living Room,122.58632853720226,2.05153504296868
2025-03-18 11:02:00,Living Room,268.41488747971584,2.0560086244266755
2025-03-18 11:03:00,Living Room,148.44624356491337,2.0584827284860907
2025-03-18 11:04:00,Living Room,195.6519768390447,2.0617435947667415
2025-03-18 11:05:00,Living Room,129.03930257693207,2.0638942498096906
2025-03-18 11:06:00,Living Room,242.02201128434132,2.0679279499977627
2025-03-18 11:07:00,Living Room,233.37088420285357,2.071817464734477
2025-03-18 11:08:00,Living Room,142.22249423322722,2.074187839638364
2025-03-18 11:09:00,Living Room,272.68015337140037,2.0787325088612207
2025-03-18 11:10:00,Living Room,180.26120484394244,2.0817368622752865
2025-03-18 11:11:00,Living Room,158.50301821414837,2.0843785792455223
2025-03-18 11:12:00,Living Room,130.4659178929071,2.086553011210404
2025-03-18 11:13:00,Living Room,153.23360250310748,2.089106904585456
2025-03-18 11:14:00,Living Room,104.4053842447634,2.090846994322869
2025-03-18 11:15:00,Living Room,216.65149849122312,2.0944578526310558
2025-03-18 11:16:00,Living Room,268.44614926878955,2.0989319551188688
2025-03-18 11:17:00,Living Room,209.79608988832837,2.102428556617008
2025-03-18 11:18:00,Living Room,143.85479238477515,2.1048261364900873
2025-03-18 11:19:00,Living Room,106.73383564277455,2.1066050337508004
2025-03-18 11:20:00,Living Room,142.92561465176055,2.1089871273283296
2025-03-18 11:21:00,Living Room,183.22428561421845,2.1120408654219
2025-03-18 11:22:00,Living Room,251.9222857399593,2.1162395701842325
2025-03-18 11:23:00,Living Room,137.56857050755482,2.1185323796926916
2025-03-18 11:24:00,Living Room,243.95829067093723,2.122598351203874
2025-03-18 11:25:00,Living Room,273.38669367037676,2.12715479609838
2025-03-18 11:26:00,Living Room,190.78936962167143,2.1303346189254078
2025-03-18 11:27:00,Living Room,264.28639832851866,2.134739392230883
2025-03-18 11:28:00,Living Room,210.93146960701912,2.138254916724333
2025-03-18 11:29:00,Living Room,227.418167416181,2.142045219514603
2025-03-18 11:30:00,Living Room,205.25569206764055,2.14546614771573
2025-03-18 11:31:00,Living Room,192.63454335026836,2.1486767234382347
2025-03-18 11:32:00,Living Room,146.93068835516988,2.1511255682441544
2025-03-18 11:33:00,Living Room,160.63881189220922,2.1538028817756913
2025-03-18 11:34:00,Living Room,157.9940237887218,2.156436115505503
2025-03-18 11:35:00,Living Room,212.65778619076295,2.159980411942016
2025-03-18 11:36:00,Living Room,123.99073860477799,2.162046924252096
2025-03-18 11:37:00,Living Room,283.358338140467,2.1667695632211035
2025-03-18 11:38:00,Living Room,244.13102905662265,2.1708384137053804
2025-03-18 11:39:00,Living Room,180.2891261826387,2.173843232475091
2025-03-18 11:40:00,Living Room,131.7248289052756,2.176038646290179
2025-03-18 11:41:00,Living Room,276.39843394432717,2.180645286855918
2025-03-18 11:42:00,Living Room,264.75561802023304,2.1850578804895884
2025-03-18 11:43:00,Living Room,244.34431054343585,2.1891302856653123
2025-03-18 11:44:00,Living Room,154.30940948224847,2.191702109156683
2025-03-18 11:45:00,Living Room,180.48932748673377,2.194710264614795
2025-03-18 11:46:00,Living Room,120.54965049048468,2.1967194254563034
2025-03-18 11:47:00,Living Room,137.80790494550635,2.1990162238720616
2025-03-18 11:48:00,Living Room,256.60332746334655,2.2032929459964508
2025-03-18 11:49:00,Living Room,243.00774377013676,2.207343075059286
2025-03-18 11:50:00,Living Room,218.69715259518694,2.2109880276025393
2025-03-18 11:51:00,Living Room,279.14534518523453,2.2156404500222933
2025-03-18 11:52:00,Living Room,216.6533035626091,2.2192513384150034
2025-03-18 11:53:00,Living Room,193.39359999272216,2.2224745650815487
2025-03-18 11:54:00,Living Room,168.07414926115254,2.2252758009025677
2025-03-18 11:55:00,Living Room,288.0897011472345,2.230077295921688
2025-03-18 11:56:00,Living Room,116.5430923048707,2.232019680793436
2025-03-18 11:57:00,Living Room,286.1774744121617,2.236789305366972
2025-03-18 11:58:00,Living Room,265.34293198620367,2.241211687566742
2025-03-18 11:59:00,Living Room,125.98598490714025,2.2433114539818613
2025-03-18 12:00:00,Living Room,212.99687153505073,2.246861401840779
2025-03-18 12:01:00,Living Room,273.3095963498174,2.2514165617799424
2025-03-18 12:02:00,Living Room,214.36183272143074,2.2549892589919662
2025-03-18 12:03:00,Living Room,281.43996431212446,2.259679925063835
2025-03-18 12:04:00,Living Room,288.59676336320854,2.2644898711198884
2025-03-18 12:05:00,Living Room,184.47690443686116,2.267564486193836
2025-03-18 12:06:00,Living Room,175.46273228126472,2.2704888650651904
2025-03-18 12:07:00,Living Room,287.26423079383136,2.2752766022450874
2025-03-18 12:08:00,Living Room,235.0280122299336,2.279193735782253
2025-03-18 12:09:00,Living Room,123.20453626963385,2.2812471447200804
2025-03-18 12:10:00,Living Room,108.45834984453624,2.283054783884156
2025-03-18 12:11:00,Living Room,212.92581019945263,2.28660354738748
2025-03-18 12:12:00,Living Room,286.0341930876849,2.2913707839389414
2025-03-18 12:13:00,Living Room,268.8497404811637,2.295851612946961
2025-03-18 12:14:00,Living Room,235.1695492928673,2.2997711054351755
2025-03-18 12:15:00,Living Room,127.8231697782175,2.3019014915981457
2025-03-18 12:16:00,Living Room,150.8462767497391,2.3044155962106414
2025-03-18 12:17:00,Living Room,275.10224531052324,2.3090006336324835
2025-03-18 12:18:00,Living Room,136.5614473313801,2.3112766577546733
2025-03-18 12:19:00,Living Room,155.68788165008692,2.313871455782175
2025-03-18 12:20:00,Living Room,125.9201302390884,2.315970124619493
2025-03-18 12:21:00,Living Room,235.22164628288223,2.3198904853908746
2025-03-18 12:22:00,Living Room,288.79646107264193,2.324703759742085
2025-03-18 12:23:00,Living Room,153.79360631907718,2.32726698651407
2025-03-18 12:24:00,Living Room,195.08132157001472,2.33051834187357
2025-03-18 12:25:00,Living Room,226.86794794224085,2.334299474339274
2025-03-18 12:26:00,Living Room,299.8932496431261,2.3392976951666595
2025-03-18 12:27:00,Living Room,120.96161299951441,2.3413137220499847
2025-03-18 12:28:00,Living Room,199.71415990114184,2.3446422913816702
2025-03-18 12:29:00,Living Room,177.0240239805,2.347592691781345
2025-03-18 12:30:00,Living Room,273.164033044471,2.35214542566542
2025-03-18 12:31:00,Living Room,195.19354620233116,2.355398651435459
2025-03-18 12:32:00,Living Room,122.19550491702961,2.357435243184076
2025-03-18 12:33:00,Living Room,226.88482905731672,2.361216657001698
2025-03-18 12:34:00,Living Room,254.15612365277596,2.365452592395911
2025-03-18 12:35:00,Living Room,100.57625033312291,2.367128863234796
2025-03-18 12:36:00,Living Room,271.79133708412587,2.371658718852865
2025-03-18 12:37:00,Living Room,137.20460000113312,2.3739454621862173
2025-03-18 12:38:00,Living Room,210.41387293067555,2.377452360068395
2025-03-18 12:39:00,Living Room,183.15950013749003,2.38050501840402
2025-03-18 12:40:00,Living Room,243.9307633221061,2.384570531126055
2025-03-18 12:41:00,Living Room,174.23232295714837,2.387474403175341
2025-03-18 12:42:00,Living Room,273.95263533634215,2.392040280430947
2025-03-18 12:43:00,Living Room,246.09927219175805,2.3961419349674764
2025-03-18 12:44:00,Living Room,229.5426342125843,2.399967645537686
2025-03-18 12:45:00,Living Room,259.24811911257086,2.404288447522896
2025-03-18 12:46:00,Living Room,250.80460698567646,2.4084685243059902
2025-03-18 12:47:00,Living Room,107.18773498431067,2.410254986555729
2025-03-18 12:48:00,Living Room,178.94687076896562,2.413237434401878
2025-03-18 12:49:00,Living Room,286.161459463298,2.4180067920596
2025-03-18 12:50:00,Living Room,125.14485379844524,2.420092539622907
2025-03-18 12:51:00,Living Room,247.41931008641023,2.424216194791014
2025-03-18 12:52:00,Living Room,294.91836226706596,2.4291315008287984
2025-03-18 12:53:00,Living Room,110.43972580899433,2.430972162925615
2025-03-18 12:54:00,Living Room,236.43877612532208,2.4349128091943704
2025-03-18 12:55:00,Living Room,193.63082826020607,2.4381399896653737
2025-03-18 12:56:00,Living Room,215.83505107494443,2.441737240516623
2025-03-18 12:57:00,Living Room,117.06826729686497,2.443688378304904
2025-03-18 12:58:00,Living Room,108.6013903733879,2.445498401477794
2025-03-18 12:59:00,Living Room,233.37333211018435,2.4493879570129637
2025-03-18 13:00:00,Living Room,264.6618859641436,2.4537989884456994
2025-03-18 13:01:00,Living Room,256.40306698659344,2.458072372895476
2025-03-18 13:02:00,Living Room,208.76114557324746,2.4615517253216965
2025-03-18 13:03:00,Living Room,119.97336422723563,2.4635512813921503
2025-03-18 13:04:00,Living Room,237.60888876720276,2.4675114295382703
2025-03-18 13:05:00,Living Room,148.37777671082918,2.469984392483451
2025-03-18 13:06:00,Living Room,282.2137405534767,2.474687954826009
2025-03-18 13:07:00,Living Room,267.653071909141,2.4791488393578276
2025-03-18 13:08:00,Living Room,241.87659341747818,2.4831801159147857
2025-03-18 13:09:00,Living Room,289.76919116622605,2.488009602434223
2025-03-18 13:10:00,Living Room,106.28436430225459,2.4897810085059273
2025-03-18 13:11:00,Living Room,247.2400850121524,2.4939016765894633
2025-03-18 13:12:00,Living Room,166.04855586728107,2.4966691525205844
2025-03-18 13:13:00,Living Room,281.2131771372731,2.5013560388062057
2025-03-18 13:14:00,Living Room,153.33503933239552,2.503911622795079
2025-03-18 13:15:00,Living Room,244.97129986300342,2.5079944777927956
2025-03-18 13:16:00,Living Room,275.52940393015626,2.512586634524965
2025-03-18 13:17:00,Living Room,108.33136367653648,2.514392157252907
2025-03-18 13:18:00,Living Room,179.52951591840724,2.5173843158515474
2025-03-18 13:19:00,Living Room,252.46180640438774,2.521592012624954
2025-03-18 13:20:00,Living Room,190.9837779015174,2.524775075589979
2025-03-18 13:21:00,Living Room,153.45052595871906,2.5273325843559578
2025-03-18 13:22:00,Living Room,143.961069764638,2.5297319355187016
2025-03-18 13:23:00,Living Room,126.30365338327559,2.5318369964084226
2025-03-18 13:24:00,Living Room,271.4259119712565,2.5363607616079435
2025-03-18 13:25:00,Living Room,215.07108065031122,2.5399452796187822
2025-03-18 13:26:00,Living Room,115.2769889982912,2.5418665627687536
2025-03-18 13:27:00,Living Room,176.51606471412708,2.5448084971806555
2025-03-18 13:28:00,Living Room,173.54673016102197,2.5477009426833392
2025-03-18 13:29:00,Living Room,136.3478381418926,2.549973406652371
2025-03-18 13:30:00,Living Room,187.10152509443813,2.553091765403945
2025-03-18 13:31:00,Living Room,166.4198730786273,2.5558654299552552
2025-03-18 13:32:00,Living Room,168.3607410984365,2.558671442306896
2025-03-18 13:33:00,Living Room,247.80531155759172,2.562801530832856
2025-03-18 13:34:00,Living Room,144.65267710103927,2.56521240878454
2025-03-18 13:35:00,Living Room,228.3719917710711,2.569018608647391
2025-03-18 13:36:00,Living Room,214.12992477618698,2.572587440726994
2025-03-18 13:37:00,Living Room,213.61850246757345,2.5761477491014535
2025-03-18 13:38:00,Living Room,232.60146922835517,2.5800244402552592
2025-03-18 13:39:00,Living Room,209.6764072391308,2.583519047042578
2025-03-18 13:40:00,Living Room,275.8510229692769,2.5881165640920663
2025-03-18 13:41:00,Living Room,235.11601839005195,2.5920351643985673
2025-03-18 13:42:00,Living Room,209.39265027427763,2.5955250419031386
2025-03-18 13:43:00,Living Room,265.95262405752896,2.599957585637431
2025-03-18 13:44:00,Living Room,221.22931298669596,2.6036447408538756
2025-03-18 13:45:00,Living Room,158.2288495570358,2.606281888346493
2025-03-18 13:46:00,Living Room,141.41898363531425,2.6086388714070816
2025-03-18 13:47:00,Living Room,130.46555713253576,2.6108132973592904
2025-03-18 13:48:00,Living Room,279.8910425092203,2.6154781480677776
2025-03-18 13:49:00,Living Room,242.02708635961315,2.619511932840438
2025-03-18 13:50:00,Living Room,287.47568763286415,2.624303194300986
2025-03-18 13:51:00,Living Room,220.6583611429886,2.627980833653369
2025-03-18 13:52:00,Living Room,194.68017629898253,2.631225503258352
2025-03-18 13:53:00,Living Room,111.94329779417787,2.633091224888255
2025-03-18 13:54:00,Living Room,234.32845630920596,2.636996699160075
2025-03-18 13:55:00,Living Room,216.44175195364625,2.6406040616926356
2025-03-18 13:56:00,Living Room,298.04177871752427,2.645571424671261
2025-03-18 13:57:00,Living Room,147.8317555564486,2.648035287263869
2025-03-18 13:58:00,Living Room,206.14747105736717,2.651471078448158
2025-03-18 13:59:00,Living Room,230.19146702361454,2.6553076028985516
2025-03-18 14:00:00,Living Room,228.91823494846872,2.6591229068143596
2025-03-18 14:01:00,Living Room,212.25870858968054,2.662660551957521
2025-03-18 14:02:00,Living Room,255.38560206544508,2.6669169786586115
2025-03-18 14:03:00,Living Room,140.9962419053633,2.669266916023701
2025-03-18 14:04:00,Living Room,245.12544005488317,2.6733523400246155
2025-03-18 14:05:00,Living Room,223.94691428661784,2.6770847885960594
2025-03-18 14:06:00,Living Room,279.21502235891467,2.6817383723020414
2025-03-18 14:07:00,Living Room,269.43888780671637,2.6862290204321533
2025-03-18 14:08:00,Living Room,163.02940782651064,2.688946177229262
2025-03-18 14:09:00,Living Room,155.2474649950306,2.691533634979179
2025-03-18 14:10:00,Living Room,296.33066477048953,2.6964724793920207
2025-03-18 14:11:00,Living Room,205.45303618305132,2.6998966966617384
2025-03-18 14:12:00,Living Room,281.2841927828874,2.704584766541453
2025-03-18 14:13:00,Living Room,132.77620475609643,2.7067977032873882
2025-03-18 14:14:00,Living Room,228.56378296003484,2.7106070996700553
2025-03-18 14:15:00,Living Room,261.9720374721172,2.7149733002945906
2025-03-18 14:16:00,Living Room,289.47904991728933,2.7197979511265453
2025-03-18 14:17:00,Living Room,167.46802820340469,2.7225890849299352
2025-03-18 14:18:00,Living Room,244.9962339848105,2.7266723554963486
2025-03-18 14:19:00,Living Room,207.7626018079238,2.7301350655264804
2025-03-18 14:20:00,Living Room,112.12578521329364,2.7320038286133688
2025-03-18 14:21:00,Living Room,237.99994746178868,2.7359704944043988
2025-03-18 14:22:00,Living Room,238.01931164756868,2.7399374829318583
2025-03-18 14:23:00,Living Room,286.1213609693074,2.744706172281347
2025-03-18 14:24:00,Living Room,199.46248923379449,2.74803054710191
2025-03-18 14:25:00,Living Room,146.05018414210292,2.7504647168376115
2025-03-18 14:26:00,Living Room,108.91276468973584,2.7522799295824405
2025-03-18 14:27:00,Living Room,183.12843733718114,2.755332070204727
2025-03-18 14:28:00,Living Room,160.38334001550038,2.758005125871652
2025-03-18 14:29:00,Living Room,252.2176612047751,2.762208753558398
2025-03-18 14:30:00,Living Room,170.85355296820933,2.765056312774535
2025-03-18 14:31:00,Living Room,289.8142392629688,2.7698865500955847
2025-03-18 14:32:00,Living Room,292.46204059755684,2.7747609174388774
2025-03-18 14:33:00,Living Room,224.1817180435416,2.77849727940627
2025-03-18 14:34:00,Living Room,285.7320574029766,2.783259480362986
2025-03-18 14:35:00,Living Room,252.17086890289912,2.787462328178034
2025-03-18 14:36:00,Living Room,209.37192819502525,2.790951860314618
2025-03-18 14:37:00,Living Room,136.06158708455564,2.793219553432694
2025-03-18 14:38:00,Living Room,191.719588702768,2.7964148799110733
2025-03-18 14:39:00,Living Room,212.17489267252353,2.799951128122282
2025-03-18 14:40:00,Living Room,272.792316147002,2.8044976667247323
2025-03-18 14:41:00,Living Room,196.26667530713297,2.807768777979851
2025-03-18 14:42:00,Living Room,279.53493453559133,2.812427693555444
2025-03-18 14:43:00,Living Room,234.86979580469378,2.8163421901521892
2025-03-18 14:44:00,Living Room,127.39981261073427,2.818465520362368
2025-03-18 14:45:00,Living Room,298.99627386501857,2.8234487915934516
2025-03-18 14:46:00,Living Room,205.44653215078253,2.8268729004626314
2025-03-18 14:47:00,Living Room,178.37165928181577,2.829845761450662
2025-03-18 14:48:00,Living Room,231.82275289390532,2.8337094739988937
2025-03-18 14:49:00,Living Room,121.77866279620781,2.8357391183788305
2025-03-18 14:50:00,Living Room,227.30772935067085,2.839527580534675
2025-03-18 14:51:00,Living Room,199.6472000998546,2.8428550338696725
2025-03-18 14:52:00,Living Room,181.33481399971663,2.8458772807696677
2025-03-18 14:53:00,Living Room,290.6040042357798,2.850720680840264
2025-03-18 14:54:00,Living Room,204.50794334641063,2.854129146562704
2025-03-18 14:55:00,Living Room,143.82349589398768,2.856526204827604
2025-03-18 14:56:00,Living Room,191.79269587545974,2.8597227497588618
2025-03-18 14:57:00,Living Room,283.87748091453454,2.8644540411074373
2025-03-18 14:58:00,Living Room,135.21909426611893,2.8667076926785393
2025-03-18 14:59:00,Living Room,142.79140773764738,2.8690875494741666
2025-03-18 15:00:00,Living Room,102.60591355141675,2.870797648033357
2025-03-18 15:01:00,Living Room,102.83800987915343,2.872511614864676
2025-03-18 15:02:00,Living Room,265.8783253917025,2.876942920287871
2025-03-18 15:03:00,Living Room,246.42452136859117,2.8810499956440143
2025-03-18 15:04:00,Living Room,171.00821129039167,2.8839001324988542
2025-03-18 15:05:00,Living Room,239.66223144551455,2.887894503022946
2025-03-18 15:06:00,Living Room,179.04118526199403,2.890878522777313
2025-03-18 15:07:00,Living Room,290.5793591995655,2.8957215120973054
2025-03-18 15:08:00,Living Room,293.41053628520694,2.900611687702059
2025-03-18 15:09:00,Living Room,178.55875516186867,2.9035876669547567
2025-03-18 15:10:00,Living Room,270.8443812681736,2.908101739975893
2025-03-18 15:11:00,Living Room,254.61780833949322,2.9123453701148843
2025-03-18 15:12:00,Living Room,161.99998743435788,2.915045369905457
2025-03-18 15:13:00,Living Room,146.4079657802212,2.9174855026684607
2025-03-18 15:14:00,Living Room,191.64693007856675,2.9206796181697703
2025-03-18 15:15:00,Living Room,256.26976812288126,2.9249507809718183
2025-03-18 15:16:00,Living Room,292.03355694574907,2.929818006920914
2025-03-18 15:17:00,Living Room,252.71581377331452,2.9340299371504694
2025-03-18 15:18:00,Living Room,271.041397003674,2.9385472937671975
2025-03-18 15:19:00,Living Room,220.61286123410332,2.942224174787766
2025-03-18 15:20:00,Living Room,267.0815661684252,2.9466755342239064
2025-03-18 15:21:00,Living Room,256.88417160068354,2.9509569370839177
2025-03-18 15:22:00,Living Room,175.39710838525602,2.953880222223672
2025-03-18 15:23:00,Living Room,210.3980604241442,2.9573868565640744
2025-03-18 15:24:00,Living Room,260.950624397939,2.9617360336373735
2025-03-18 15:25:00,Living Room,109.21134683799127,2.96355622275134
2025-03-18 15:26:00,Living Room,261.615856471166,2.9679164870258594
2025-03-18 15:27:00,Living Room,135.5776248098047,2.970176114106023
2025-03-18 15:28:00,Living Room,202.93672342428778,2.973558392829761
2025-03-18 15:29:00,Living Room,261.65508791118754,2.9779193109616138
2025-03-18 15:30:00,Living Room,150.76421563133897,2.9804320478888027
2025-03-18 15:31:00,Living Room,149.1614878612306,2.98291807268649
2025-03-18 15:32:00,Living Room,180.55287969245038,2.985927287348031
2025-03-18 15:33:00,Living Room,278.9285595155269,2.9905760966732897
2025-03-18 15:34:00,Living Room,100.08855628744158,2.9922442392780804
2025-03-18 15:35:00,Living Room,280.276619328387,2.996915516266887
2025-03-18 15:36:00,Living Room,130.76140492832155,2.9990948730156926
2025-03-18 15:37:00,Living Room,298.0172752134964,3.0040618276025843
2025-03-18 15:38:00,Living Room,290.9693986076936,3.008911317579379
2025-03-18 15:39:00,Living Room,198.93503791825668,3.0122269015446834
2025-03-18 15:40:00,Living Room,202.54404956252563,3.015602635704059
2025-03-18 15:41:00,Living Room,196.30986805517085,3.018874466838312
2025-03-18 15:42:00,Living Room,227.08872913190453,3.0226592789905102
2025-03-18 15:43:00,Living Room,118.1443404469862,3.0246283513312933
2025-03-18 15:44:00,Living Room,106.5235896683133,3.026403744492432
2025-03-18 15:45:00,Living Room,111.54058568317977,3.0282627542538183
2025-03-18 15:46:00,Living Room,188.87306984830286,3.03141063875129
2025-03-18 15:47:00,Living Room,155.1095878438967,3.033995798548688
2025-03-18 15:48:00,Living Room,224.40791247419875,3.037735930423258
2025-03-18 15:49:00,Living Room,298.48845787495577,3.0427107380545073
2025-03-18 15:50:00,Living Room,177.26463461529318,3.045665148631429
2025-03-18 15:51:00,Living Room,214.76825082090267,3.049244619478444
2025-03-18 15:52:00,Living Room,183.1207791814671,3.0522966324648015
2025-03-18 15:53:00,Living Room,269.4543335443719,3.0567875380238743
2025-03-18 15:54:00,Living Room,280.44728069244763,3.0614616593687485
2025-03-18 15:55:00,Living Room,275.471122441052,3.066052844742766
2025-03-18 15:56:00,Living Room,294.8744477358515,3.070967418871697
2025-03-18 15:57:00,Living Room,105.50383702808305,3.0727258161554984
2025-03-18 15:58:00,Living Room,267.9632324291062,3.077191870029317
2025-03-18 15:59:00,Living Room,250.35443460781866,3.081364443939447
2025-03-18 16:00:00,Living Room,145.73888188007297,3.083793425304115
2025-03-18 16:01:00,Living Room,291.26401867750553,3.0886478256154066
2025-03-18 16:02:00,Living Room,129.6355856459891,3.0908084187095066
2025-03-18 16:03:00,Living Room,235.90998542678167,3.094740251799953
2025-03-18 16:04:00,Living Room,144.9780433631825,3.097156552522673
2025-03-18 16:05:00,Living Room,186.27612975481492,3.100261154685253
2025-03-18 16:06:00,Living Room,243.8319793889138,3.104325021008402
2025-03-18 16:07:00,Living Room,212.66492840660933,3.1078694364818453
2025-03-18 16:08:00,Living Room,185.50036626562235,3.1109611092529392
2025-03-18 16:09:00,Living Room,165.26768618639744,3.1137155706893793
2025-03-18 16:10:00,Living Room,267.93193114175807,3.1181811028750754
2025-03-18 16:11:00,Living Room,128.76287006296275,3.1203271507094583
2025-03-18 16:12:00,Living Room,186.02057530596,3.1234274936312243
2025-03-18 16:13:00,Living Room,280.75151435502846,3.1281066855371416
2025-03-18 16:14:00,Living Room,269.16991009199353,3.1325928507053415
2025-03-18 16:15:00,Living Room,180.18835249460932,3.1355959899135852
2025-03-18 16:16:00,Living Room,252.62167272026167,3.1398063511255896
2025-03-18 16:17:00,Living Room,264.63216614177185,3.1442168872279526
2025-03-18 16:18:00,Living Room,277.7774848007259,3.1488465119746314
2025-03-18 16:19:00,Living Room,208.9011538098456,3.152328197871462
2025-03-18 16:20:00,Living Room,140.89217721094235,3.154676400824978
2025-03-18 16:21:00,Living Room,151.06181530078632,3.1571940977466575
2025-03-18 16:22:00,Living Room,159.13893480832084,3.1598464133267963
2025-03-18 16:23:00,Living Room,218.7604961619231,3.1634924215961617
2025-03-18 16:24:00,Living Room,106.56192482572169,3.1652684536765903
2025-03-18 16:25:00,Living Room,227.20849375599366,3.1690552619058567
2025-03-18 16:26:00,Living Room,172.8708476856464,3.1719364427006176
2025-03-18 16:27:00,Living Room,159.04836049792843,3.1745872487089164
2025-03-18 16:28:00,Living Room,275.8993141456253,3.1791855706113434
2025-03-18 16:29:00,Living Room,192.0004791161598,3.182385578596613
2025-03-18 16:30:00,Living Room,119.01060910653855,3.1843690887483884
2025-03-18 16:31:00,Living Room,265.3493536052494,3.1887915779751426
2025-03-18 16:32:00,Living Room,109.52825148730132,3.190617048833264
2025-03-18 16:33:00,Living Room,245.34984483363934,3.194706212913825
2025-03-18 16:34:00,Living Room,254.78124435413304,3.1989525669863936
2025-03-18 16:35:00,Living Room,170.52052118577163,3.201794575672823
2025-03-18 16:36:00,Living Room,264.95757125555735,3.2062105351937493
2025-03-18 16:37:00,Living Room,203.13188117129067,3.209596066546604
2025-03-18 16:38:00,Living Room,192.65873065455935,3.212807045390847
2025-03-18 16:39:00,Living Room,109.08065629373851,3.214625056329076
2025-03-18 16:40:00,Living Room,158.00583872978117,3.2172584869745724
2025-03-18 16:41:00,Living Room,286.20199417706,3.222028520210857
2025-03-18 16:42:00,Living Room,178.3647926567,3.225001266755135
2025-03-18 16:43:00,Living Room,209.34010411135367,3.2284902684903245
2025-03-18 16:44:00,Living Room,206.40433579685038,3.2319303407536055
2025-03-18 16:45:00,Living Room,218.08621796453866,3.2355651110530146
2025-03-18 16:46:00,Living Room,112.26619112865652,3.237436214238492
2025-03-18 16:47:00,Living Room,172.43525095974564,3.240310135087821
2025-03-18 16:48:00,Living Room,244.62565477651083,3.2443872293340963
2025-03-18 16:49:00,Living Room,140.1120502145966,3.246722430171006
2025-03-18 16:50:00,Living Room,140.7156755092721,3.249067691429494
2025-03-18 16:51:00,Living Room,102.01812133780494,3.2507679934517903
2025-03-18 16:52:00,Living Room,187.49638532164195,3.253892933207151
2025-03-18 16:53:00,Living Room,276.5468761346844,3.258502047809396
2025-03-18 16:54:00,Living Room,110.3801887174618,3.260341717621354
2025-03-18 16:55:00,Living Room,138.22374189920052,3.262645446653007
2025-03-18 16:56:00,Living Room,162.01690766855103,3.2653457284474827
2025-03-18 16:57:00,Living Room,246.34494731284258,3.2694514775693633
2025-03-18 16:58:00,Living Room,228.12711856051732,3.2732535962120384
2025-03-18 16:59:00,Living Room,183.188780916371,3.2763067425606445
2025-03-18 17:00:00,Living Room,251.81378785167513,3.280503639024839
2025-03-18 17:01:00,Living Room,221.92620233138038,3.2842024090636954
2025-03-18 17:02:00,Living Room,279.2081599314438,3.288855878395886
2025-03-18 17:03:00,Living Room,263.60534982773856,3.2932493008930153
2025-03-18 17:04:00,Living Room,150.5627212178401,3.295758679579979
2025-03-18 17:05:00,Living Room,154.28771552684003,3.2983301415054265
2025-03-18 17:06:00,Living Room,125.07129515847713,3.3004146630914013
2025-03-18 17:07:00,Living Room,167.39294514349132,3.3032045455104595
2025-03-18 17:08:00,Living Room,299.90878374381884,3.308203025239523
2025-03-18 17:09:00,Living Room,181.1502337230122,3.3112221958015735
2025-03-18 17:10:00,Living Room,144.09768693782127,3.313623823917204
2025-03-18 17:11:00,Living Room,252.4965768951106,3.3178321001987894
2025-03-18 17:12:00,Living Room,208.49420069253122,3.321307003543665
2025-03-18 17:13:00,Living Room,129.92028990539052,3.323472341708755
2025-03-18 17:14:00,Living Room,176.13793623217316,3.326407973979291
2025-03-18 17:15:00,Living Room,182.89394310786867,3.3294562063644224
2025-03-18 17:16:00,Living Room,250.76594011384373,3.3336356386996533
2025-03-18 17:17:00,Living Room,104.13427377838089,3.335371209929293
2025-03-18 17:18:00,Living Room,153.8039293596621,3.337934608751954
2025-03-18 17:19:00,Living Room,203.5192602631044,3.3413265964230057
2025-03-18 17:20:00,Living Room,153.76934849056866,3.3438894188978483
2025-03-18 17:21:00,Living Room,225.68680948379978,3.3476508657225783
2025-03-18 17:22:00,Living Room,196.3734958549233,3.3509237573201602
2025-03-18 17:23:00,Living Room,172.34205097191614,3.353796124836359
2025-03-18 17:24:00,Living Room,289.84172537410245,3.3586268202592606
2025-03-18 17:25:00,Living Room,226.4318998372915,3.362400685256549
2025-03-18 17:26:00,Living Room,125.98827445358825,3.3645004898307755
2025-03-18 17:27:00,Living Room,212.0183394886791,3.3680341288222535
2025-03-18 17:28:00,Living Room,256.1463706401802,3.37230323499959
2025-03-18 17:29:00,Living Room,241.69793949855946,3.3763315339912325
2025-03-18 17:30:00,Living Room,134.41784585905188,3.378571831422217
2025-03-18 17:31:00,Living Room,294.48399980802066,3.383479898085684
2025-03-18 17:32:00,Living Room,189.76272914932122,3.3866426102381726
2025-03-18 17:33:00,Living Room,131.80500074805227,3.38883936025064
2025-03-18 17:34:00,Living Room,136.03915082562958,3.391106679431067
2025-03-18 17:35:00,Living Room,119.6469984378161,3.3931007960716975
2025-03-18 17:36:00,Living Room,260.7036216869869,3.3974458564331473
2025-03-18 17:37:00,Living Room,124.40609886436974,3.39951929141422
2025-03-18 17:38:00,Living Room,125.02505142834939,3.401603042271359
2025-03-18 17:39:00,Living Room,270.09432295216754,3.406104614320562
2025-03-18 17:40:00,Living Room,168.9208168895119,3.4089199612687207
2025-03-18 17:41:00,Living Room,106.17158086161449,3.4106894876164144
2025-03-18 17:42:00,Living Room,110.37905990368218,3.412529138614809
2025-03-18 17:43:00,Living Room,128.4340893407791,3.4146697067704888
2025-03-18 17:44:00,Living Room,142.6786695951379,3.4170476845970743
2025-03-18 17:45:00,Living Room,233.02923884768109,3.4209315052445355
2025-03-18 17:46:00,Living Room,131.46525600036566,3.4231225928445417
2025-03-18 17:47:00,Living Room,123.7748782354144,3.4251855074817987
2025-03-18 17:48:00,Living Room,252.94382829525583,3.4294012379533863
2025-03-18 17:49:00,Living Room,234.2110567719829,3.433304755566253
2025-03-18 17:50:00,Living Room,187.06484429104722,3.4364225029711037
2025-03-18 17:51:00,Living Room,209.8619542960208,3.439920202209371
2025-03-18 17:52:00,Living Room,162.3968040652837,3.442626815610459
2025-03-18 17:53:00,Living Room,196.50008404707214,3.4459018170112437
2025-03-18 17:54:00,Living Room,201.33452979654916,3.4492573925078527
2025-03-18 17:55:00,Living Room,177.4474542356192,3.4522148500784464
2025-03-18 17:56:00,Living Room,281.3144421344325,3.4569034241140204
2025-03-18 17:57:00,Living Room,103.21237299620122,3.458623630330624
2025-03-18 17:58:00,Living Room,256.4342526182493,3.462897534540928
2025-03-18 17:59:00,Living Room,124.87656624826487,3.4649788106450656
2025-03-18 18:00:00,Living Room,698.7736802685997,3.476625038649542
2025-03-18 18:01:00,Living Room,607.9559578383606,3.486757637946848
2025-03-18 18:02:00,Living Room,721.6390454682012,3.498784955371318
2025-03-18 18:03:00,Living Room,348.75716282044874,3.504597574751659
2025-03-18 18:04:00,Living Room,579.490317049887,3.5142557467024904
2025-03-18 18:05:00,Living Room,550.5439401310986,3.523431479038009
2025-03-18 18:06:00,Living Room,653.0965914816793,3.53431642222937
2025-03-18 18:07:00,Living Room,567.145275946838,3.5437688434951506
2025-03-18 18:08:00,Living Room,570.367283566552,3.5532749648879265
2025-03-18 18:09:00,Living Room,514.7979717880323,3.561854931084394
2025-03-18 18:10:00,Living Room,454.41721200367044,3.5694285512844552
2025-03-18 18:11:00,Living Room,541.1321806260961,3.578447420961557
2025-03-18 18:12:00,Living Room,359.2461793842003,3.5844348572846267
2025-03-18 18:13:00,Living Room,780.7566694915424,3.597447468442819
2025-03-18 18:14:00,Living Room,657.2053818132991,3.6084008914730408
2025-03-18 18:15:00,Living Room,776.2335583439234,3.6213381174454393
2025-03-18 18:16:00,Living Room,413.3636911649816,3.628227512298189
2025-03-18 18:17:00,Living Room,739.670510088264,3.6405553541329936
2025-03-18 18:18:00,Living Room,704.3949922817692,3.652295270671023
2025-03-18 18:19:00,Living Room,638.5762062288368,3.6629382074415036
2025-03-18 18:20:00,Living Room,612.5145930426029,3.6731467839922134
2025-03-18 18:21:00,Living Room,458.27483263393503,3.680784697869446
2025-03-18 18:22:00,Living Room,708.2053924825154,3.692588121077488
2025-03-18 18:23:00,Living Room,550.7577307398669,3.701767416589819
2025-03-18 18:24:00,Living Room,335.4457879456427,3.707358179722246
2025-03-18 18:25:00,Living Room,456.431580427565,3.714965372729372
2025-03-18 18:26:00,Living Room,767.6485492726638,3.72775951521725
2025-03-18 18:27:00,Living Room,725.3401303024232,3.739848517388957
2025-03-18 18:28:00,Living Room,790.9528490382695,3.753031064872928
2025-03-18 18:29:00,Living Room,613.996691302049,3.7632643430612953
2025-03-18 18:30:00,Living Room,423.75503657020596,3.770326927004132
2025-03-18 18:31:00,Living Room,381.40752483843187,3.7766837190847724
2025-03-18 18:32:00,Living Room,393.4572203042308,3.783241339423176
2025-03-18 18:33:00,Living Room,309.8978291736272,3.7884063032427364
2025-03-18 18:34:00,Living Room,495.3410554929696,3.7966619875009524
2025-03-18 18:35:00,Living Room,395.71384024977124,3.803257218171782
2025-03-18 18:36:00,Living Room,505.82773022835124,3.8116876803422546
2025-03-18 18:37:00,Living Room,767.4972159193827,3.8244793006075777
2025-03-18 18:38:00,Living Room,515.270104753595,3.8330671356868042
2025-03-18 18:39:00,Living Room,738.9922484924174,3.845383673161678
2025-03-18 18:40:00,Living Room,602.7523833079383,3.8554295462168104
2025-03-18 18:41:00,Living Room,423.56577733069594,3.8624889758389886
2025-03-18 18:42:00,Living Room,477.9273796296057,3.8704544321661487
2025-03-18 18:43:00,Living Room,341.95976791071473,3.8761537616313273
2025-03-18 18:44:00,Living Room,466.73129679800525,3.883932616577961
2025-03-18 18:45:00,Living Room,638.7704727517671,3.8945787911238234
2025-03-18 18:46:00,Living Room,336.0555464647176,3.9001797168982355
2025-03-18 18:47:00,Living Room,402.70070423901467,3.9068913953022193
2025-03-18 18:48:00,Living Room,490.72052070665575,3.9150700706473303
2025-03-18 18:49:00,Living Room,791.0247685079812,3.92825381678913
2025-03-18 18:50:00,Living Room,692.43091147944,3.939794331980454
2025-03-18 18:51:00,Living Room,666.743373246052,3.9509067215345546
2025-03-18 18:52:00,Living Room,358.09547826272296,3.9568749795055997
2025-03-18 18:53:00,Living Room,690.4979468074957,3.968383278619058
2025-03-18 18:54:00,Living Room,692.6344057580076,3.9799271853816913
2025-03-18 18:55:00,Living Room,600.5513478121641,3.989936374511894
2025-03-18 18:56:00,Living Room,795.180890999186,4.00318938936188
2025-03-18 18:57:00,Living Room,462.62695296227594,4.010899838577918
2025-03-18 18:58:00,Living Room,770.6362241209258,4.023743775646601
2025-03-18 18:59:00,Living Room,757.3655574782517,4.036366534937905
2025-03-18 19:00:00,Living Room,305.74032987468894,4.041462207102483
2025-03-18 19:01:00,Living Room,525.0582632374055,4.050213178156439
2025-03-18 19:02:00,Living Room,788.5521165257867,4.063355713431869
2025-03-18 19:03:00,Living Room,351.5606812040379,4.069215058118603
2025-03-18 19:04:00,Living Room,573.8923471916597,4.078779930571797
2025-03-18 19:05:00,Living Room,789.4787535205521,4.09193790979714
2025-03-18 19:06:00,Living Room,577.7477120529301,4.101567038331355
2025-03-18 19:07:00,Living Room,394.907651486078,4.10814883252279
2025-03-18 19:08:00,Living Room,591.0916150462949,4.118000359440228
2025-03-18 19:09:00,Living Room,402.22028697477344,4.1247040308898075
2025-03-18 19:10:00,Living Room,559.8521314472421,4.134034899747261
2025-03-18 19:11:00,Living Room,337.021108956174,4.139651918229864
2025-03-18 19:12:00,Living Room,602.7413346072024,4.149697607139984
2025-03-18 19:13:00,Living Room,558.394969564079,4.159004189966052
2025-03-18 19:14:00,Living Room,670.0806843807316,4.170172201372398
2025-03-18 19:15:00,Living Room,615.3502355793926,4.180428038632054
2025-03-18 19:16:00,Living Room,574.8031342653783,4.19000809086981
2025-03-18 19:17:00,Living Room,644.8894246240606,4.200756247946877
2025-03-18 19:18:00,Living Room,371.97095678611544,4.206955763893313
2025-03-18 19:19:00,Living Room,597.679830629302,4.216917094403801
2025-03-18 19:20:00,Living Room,386.0553014113888,4.223351349427324
2025-03-18 19:21:00,Living Room,762.7611039259405,4.236064034492756
2025-03-18 19:22:00,Living Room,334.1670524228021,4.241633485366469
2025-03-18 19:23:00,Living Room,515.1873748453966,4.250219941613892
2025-03-18 19:24:00,Living Room,647.8987388277224,4.261018253927688
2025-03-18 19:25:00,Living Room,529.0111058341294,4.26983510569159
2025-03-18 19:26:00,Living Room,346.04762661645117,4.2756025661351975
2025-03-18 19:27:00,Living Room,576.6895080633537,4.285214057936253
2025-03-18 19:28:00,Living Room,620.8159544136772,4.295560990509815
2025-03-18 19:29:00,Living Room,651.8961554952539,4.306425926434736
2025-03-18 19:30:00,Living Room,486.62990723137943,4.314536424888592
2025-03-18 19:31:00,Living Room,581.8299855143812,4.324233591313832
2025-03-18 19:32:00,Living Room,525.3432374694565,4.332989311938323
2025-03-18 19:33:00,Living Room,636.0280193761266,4.3435897789279245
2025-03-18 19:34:00,Living Room,591.7784836624093,4.353452753655631
2025-03-18 19:35:00,Living Room,562.8781097795675,4.3628340554852905
2025-03-18 19:36:00,Living Room,424.7621834191243,4.369913425208942
2025-03-18 19:37:00,Living Room,301.00925887411694,4.374930246190178
2025-03-18 19:38:00,Living Room,387.04083765571465,4.381380926817773
2025-03-18 19:39:00,Living Room,358.53302071208435,4.3873564771629745
2025-03-18 19:40:00,Living Room,524.5423725054734,4.396098850038066
2025-03-18 19:41:00,Living Room,606.1290753809224,4.406201001294415
2025-03-18 19:42:00,Living Room,406.5425043424041,4.412976709700121
2025-03-18 19:43:00,Living Room,769.5285479835936,4.4258021854998475
2025-03-18 19:44:00,Living Room,303.34106461194386,4.430857869910047
2025-03-18 19:45:00,Living Room,686.1505075826715,4.442293711703091
2025-03-18 19:46:00,Living Room,612.6023847652211,4.4525037514491785
2025-03-18 19:47:00,Living Room,486.7774005238409,4.460616708124576
2025-03-18 19:48:00,Living Room,325.24447220620397,4.466037449328012
2025-03-18 19:49:00,Living Room,613.7432858921397,4.476266504092881
2025-03-18 19:50:00,Living Room,492.80675643282405,4.484479950033428
2025-03-18 19:51:00,Living Room,768.1335697066096,4.497282176195205
2025-03-18 19:52:00,Living Room,570.9950374448829,4.50679876015262
2025-03-18 19:53:00,Living Room,769.825755646754,4.519629189413399
2025-03-18 19:54:00,Living Room,410.24184673665206,4.526466553525676
2025-03-18 19:55:00,Living Room,662.8629551820516,4.537514269445377
2025-03-18 19:56:00,Living Room,608.6245104243628,4.547658011285783
2025-03-18 19:57:00,Living Room,669.704114915656,4.558819746534377
2025-03-18 19:58:00,Living Room,407.3339319862684,4.565608645400815
2025-03-18 19:59:00,Living Room,632.4972581188869,4.576150266369463
2025-03-18 20:00:00,Living Room,549.0201965284346,4.58530060297827
2025-03-18 20:01:00,Living Room,671.4124874531581,4.596490811102489
2025-03-18 20:02:00,Living Room,463.52232207590885,4.604216183137088
2025-03-18 20:03:00,Living Room,745.0285127326263,4.616633325015965
2025-03-18 20:04:00,Living Room,342.15065730567517,4.622335835971059
2025-03-18 20:05:00,Living Room,703.594659395594,4.634062413627652
2025-03-18 20:06:00,Living Room,730.6598129075454,4.646240077176111
2025-03-18 20:07:00,Living Room,708.6261556834106,4.658050513104168
2025-03-18 20:08:00,Living Room,556.363197130888,4.66732323305635
2025-03-18 20:09:00,Living Room,519.1924900153806,4.6759764412232725
2025-03-18 20:10:00,Living Room,798.1311432624384,4.689278626944313
2025-03-18 20:11:00,Living Room,414.5859756070811,4.696188393204431
2025-03-18 20:12:00,Living Room,573.4379829380223,4.705745692920065
2025-03-18 20:13:00,Living Room,635.3377626911628,4.716334655631584
2025-03-18 20:14:00,Living Room,650.433817930716,4.727175219263763
2025-03-18 20:15:00,Living Room,402.01233286928937,4.733875424811584
2025-03-18 20:16:00,Living Room,626.9970461699006,4.744325375581083
2025-03-18 20:17:00,Living Room,709.1847832406686,4.756145121968427
2025-03-18 20:18:00,Living Room,325.0092884105561,4.7615619434419365
2025-03-18 20:19:00,Living Room,755.7606466626582,4.774157954219647
2025-03-18 20:20:00,Living Room,314.75202757260297,4.779403821345857
2025-03-18 20:21:00,Living Room,477.9855162441972,4.787370246616594
2025-03-18 20:22:00,Living Room,307.906598116481,4.792502023251869
2025-03-18 20:23:00,Living Room,338.5725842697909,4.798144899656365
2025-03-18 20:24:00,Living Room,755.5841425900396,4.810737968699533
2025-03-18 20:25:00,Living Room,477.4304153730739,4.818695142289084
2025-03-18 20:26:00,Living Room,512.3857652125264,4.8272349050426255
2025-03-18 20:27:00,Living Room,407.67219069127634,4.834029441554147
2025-03-18 20:28:00,Living Room,598.5478850933598,4.844005239639037
2025-03-18 20:29:00,Living Room,597.4016073388948,4.853961933094685
2025-03-18 20:30:00,Living Room,486.1001959126096,4.862063603026562
2025-03-18 20:31:00,Living Room,466.51743590269916,4.86983889362494
2025-03-18 20:32:00,Living Room,742.4821540902939,4.882213596193112
2025-03-18 20:33:00,Living Room,491.64211982110066,4.8904076315234635
2025-03-18 20:34:00,Living Room,546.7504960772042,4.8995201397914165
2025-03-18 20:35:00,Living Room,441.65238121246534,4.906881012811624
2025-03-18 20:36:00,Living Room,693.3847516785637,4.9184374253396
2025-03-18 20:37:00,Living Room,498.7240784495458,4.926749493313759
2025-03-18 20:38:00,Living Room,556.8055232721622,4.936029585368295
2025-03-18 20:39:00,Living Room,426.6785850298307,4.943140895118792
2025-03-18 20:40:00,Living Room,793.829796170626,4.956371391721635
2025-03-18 20:41:00,Living Room,445.74787046186145,4.963800522895999
2025-03-18 20:42:00,Living Room,685.3712654527758,4.975223377320212
2025-03-18 20:43:00,Living Room,513.7478251783796,4.9837858410731855
2025-03-18 20:44:00,Living Room,403.1087025420699,4.9905043194488865
2025-03-18 20:45:00,Living Room,699.8593819824306,5.002168642481927
2025-03-18 20:46:00,Living Room,466.8033945145216,5.009948699057169
2025-03-18 20:47:00,Living Room,732.5966736989055,5.022158643618818
2025-03-18 20:48:00,Living Room,757.6285924589115,5.0347857868264665
2025-03-18 20:49:00,Living Room,729.911917695638,5.046950985454727
2025-03-18 20:50:00,Living Room,317.5039574034028,5.0522427180781175
2025-03-18 20:51:00,Living Room,693.6866725025527,5.063804162619827
2025-03-18 20:52:00,Living Room,505.66973324957195,5.07223199150732
2025-03-18 20:53:00,Living Room,736.8614600911126,5.084513015842172
2025-03-18 20:54:00,Living Room,618.9771313423694,5.094829301364545
2025-03-18 20:55:00,Living Room,716.8215670719792,5.106776327482411
2025-03-18 20:56:00,Living Room,549.7158849334177,5.115938258897968
2025-03-18 20:57:00,Living Room,567.5127522994665,5.1253968047696254
2025-03-18 20:58:00,Living Room,372.1938160668336,5.131600035037406
2025-03-18 20:59:00,Living Room,691.9936793446777,5.143133263026484
2025-03-18 21:00:00,Living Room,509.6948058334858,5.151628176457042
2025-03-18 21:01:00,Living Room,550.0400591357914,5.160795510775972
2025-03-18 21:02:00,Living Room,692.5488570478537,5.17233799172677
2025-03-18 21:03:00,Living Room,599.4227000397195,5.182328370060765
2025-03-18 21:04:00,Living Room,400.54936372133375,5.189004192789454
2025-03-18 21:05:00,Living Room,595.1163295754463,5.1989227982823785
2025-03-18 21:06:00,Living Room,503.81642898982784,5.207319738765542
2025-03-18 21:07:00,Living Room,534.7627710219313,5.216232451615908
2025-03-18 21:08:00,Living Room,314.1556372013339,5.221468378902597
2025-03-18 21:09:00,Living Room,405.0146747581408,5.228218623481899
2025-03-18 21:10:00,Living Room,440.5190406905141,5.235560607493408
2025-03-18 21:11:00,Living Room,656.4800039294029,5.246501940892231
2025-03-18 21:12:00,Living Room,305.74623664905766,5.251597711503049
2025-03-18 21:13:00,Living Room,504.388630614566,5.260004188679958
2025-03-18 21:14:00,Living Room,762.0134352128664,5.272704412600173
2025-03-18 21:15:00,Living Room,355.9403082745619,5.278636751071415
2025-03-18 21:16:00,Living Room,558.2121941093055,5.287940287639904
2025-03-18 21:17:00,Living Room,693.2611911954235,5.299494640826494
2025-03-18 21:18:00,Living Room,771.2656537600583,5.312349068389162
2025-03-18 21:19:00,Living Room,673.388319766859,5.323572207051943
2025-03-18 21:20:00,Living Room,660.2827743222031,5.334576919957313
2025-03-18 21:21:00,Living Room,713.2440450978812,5.346464320708945
2025-03-18 21:22:00,Living Room,523.1006104887718,5.355182664217091
2025-03-18 21:23:00,Living Room,702.9222663089165,5.36689803532224
2025-03-18 21:24:00,Living Room,303.98220237272557,5.371964405361785
2025-03-18 21:25:00,Living Room,762.2805276884025,5.384669080823259
2025-03-18 21:26:00,Living Room,521.6532547585877,5.393363301735902
2025-03-18 21:27:00,Living Room,576.6900939328739,5.40297480330145
2025-03-18 21:28:00,Living Room,427.44112445744116,5.410098822042407
2025-03-18 21:29:00,Living Room,671.2654164202107,5.421286578982744
2025-03-18 21:30:00,Living Room,338.3179032376244,5.426925210703371
2025-03-18 21:31:00,Living Room,736.3179012734176,5.439197175724595
2025-03-18 21:32:00,Living Room,714.0584145031714,5.451098149299648
2025-03-18 21:33:00,Living Room,408.0300581223832,5.457898650268355
2025-03-18 21:34:00,Living Room,704.6621991426312,5.469643020254066
2025-03-18 21:35:00,Living Room,693.1788665307407,5.481196001362911
2025-03-18 21:36:00,Living Room,616.1082988769745,5.491464473010861
2025-03-18 21:37:00,Living Room,486.7600884498438,5.499577141151692
2025-03-18 21:38:00,Living Room,435.74937709093393,5.506839630769874
2025-03-18 21:39:00,Living Room,415.89179514467503,5.513771160688952
2025-03-18 21:40:00,Living Room,459.3044813818036,5.521426235378649
2025-03-18 21:41:00,Living Room,751.7792217162652,5.53395588907392
2025-03-18 21:42:00,Living Room,338.8203879943906,5.539602895540493
2025-03-18 21:43:00,Living Room,714.4356381264793,5.551510156175934
2025-03-18 21:44:00,Living Room,474.4450375209118,5.559417573467949
2025-03-18 21:45:00,Living Room,560.7996980056791,5.568764235101377
2025-03-18 21:46:00,Living Room,697.2428168242453,5.580384948715115
2025-03-18 21:47:00,Living Room,742.1882735114857,5.592754753273639
2025-03-18 21:48:00,Living Room,472.3907100363235,5.600627931774245
2025-03-18 21:49:00,Living Room,530.9217406375551,5.609476627451537
2025-03-18 21:50:00,Living Room,507.25803240839616,5.617930927991677
2025-03-18 21:51:00,Living Room,306.6255167519553,5.623041353270876
2025-03-18 21:52:00,Living Room,447.9714444293283,5.630507544011365
2025-03-18 21:53:00,Living Room,529.594616866281,5.639334120959137
2025-03-18 21:54:00,Living Room,505.5468044402199,5.64775990103314
2025-03-18 21:55:00,Living Room,660.9646137578397,5.658775977929104
2025-03-18 21:56:00,Living Room,492.4018086105516,5.66698267473928
2025-03-18 21:57:00,Living Room,544.6882244853351,5.676060811814036
2025-03-18 21:58:00,Living Room,514.8042960661817,5.684640883415139
2025-03-18 21:59:00,Living Room,670.3130744471853,5.695812767989259
2025-03-18 22:00:00,Living Room,731.4861994934813,5.708004204647484
2025-03-18 22:01:00,Living Room,565.9445395037571,5.717436613639213
2025-03-18 22:02:00,Living Room,694.7160970975956,5.7290152152575065
2025-03-18 22:03:00,Living Room,448.3933410099253,5.7364884376076715
2025-03-18 22:04:00,Living Room,570.6848050786343,5.7459998510256485
2025-03-18 22:05:00,Living Room,472.61497683498624,5.753876767306232
2025-03-18 22:06:00,Living Room,507.10046278591517,5.762328441685997
2025-03-18 22:07:00,Living Room,666.2069324063343,5.773431890559436
2025-03-18 22:08:00,Living Room,740.8312411663563,5.785779077912209
2025-03-18 22:09:00,Living Room,360.7476955438827,5.791791539504607
2025-03-18 22:10:00,Living Room,617.3196282436902,5.802080199975335
2025-03-18 22:11:00,Living Room,591.0719037888992,5.811931398371817
2025-03-18 22:12:00,Living Room,359.2075195879659,5.817918190364949
2025-03-18 22:13:00,Living Room,405.94716522005456,5.82468397645195
2025-03-18 22:14:00,Living Room,455.5012473663401,5.832275663908056
2025-03-18 22:15:00,Living Room,383.4655354087507,5.838666756164868
2025-03-18 22:16:00,Living Room,421.8647412621709,5.845697835185905
2025-03-18 22:17:00,Living Room,433.80039943085376,5.852927841843086
2025-03-18 22:18:00,Living Room,467.83691651952984,5.860725123785079
2025-03-18 22:19:00,Living Room,674.6952264005795,5.871970044225089
2025-03-18 22:20:00,Living Room,585.9561019253003,5.881735979257177
2025-03-18 22:21:00,Living Room,793.1233359757007,5.894954701523439
2025-03-18 22:22:00,Living Room,507.3679134837355,5.903410833414834
2025-03-18 22:23:00,Living Room,676.9325369184626,5.914693042363475
2025-03-18 22:24:00,Living Room,735.7342106882669,5.92695527920828
2025-03-18 22:25:00,Living Room,639.489246519021,5.937613433316931
2025-03-18 22:26:00,Living Room,505.932370208748,5.946045639487076
2025-03-18 22:27:00,Living Room,676.7973153728765,5.957325594743291
2025-03-18 22:28:00,Living Room,401.83356888634245,5.964022820891397
2025-03-18 22:29:00,Living Room,463.7760825900662,5.9717524222678975
2025-03-18 22:30:00,Living Room,573.3426275496444,5.981308132727058
2025-03-18 22:31:00,Living Room,587.7046936430742,5.991103210954443
2025-03-18 22:32:00,Living Room,311.07073773631475,5.996287723250048
2025-03-18 22:33:00,Living Room,772.5570943780044,6.009163674823014
2025-03-18 22:34:00,Living Room,648.313635608695,6.01996890208316
2025-03-18 22:35:00,Living Room,547.8518751159455,6.029099766668425
2025-03-18 22:36:00,Living Room,766.5636172041542,6.041875826955161
2025-03-18 22:37:00,Living Room,519.5477826254142,6.050534956665585
2025-03-18 22:38:00,Living Room,790.2177851351859,6.063705253084505
2025-03-18 22:39:00,Living Room,556.1423786217425,6.072974292728201
2025-03-18 22:40:00,Living Room,357.14288499898976,6.078926674144851
2025-03-18 22:41:00,Living Room,682.4004862296385,6.090300015582012
2025-03-18 22:42:00,Living Room,639.4488625389203,6.100957496624328
2025-03-18 22:43:00,Living Room,686.4933606527934,6.112399052635207
2025-03-18 22:44:00,Living Room,775.7210143628406,6.125327736207921
2025-03-18 22:45:00,Living Room,688.244651325509,6.1367984803966795
2025-03-18 22:46:00,Living Room,605.6683011083235,6.146892952081818
2025-03-18 22:47:00,Living Room,728.6544511804204,6.159037192934825
2025-03-18 22:48:00,Living Room,636.6232196772658,6.169647579929446
2025-03-18 22:49:00,Living Room,504.0595284129615,6.178048572069662
2025-03-18 22:50:00,Living Room,742.8098821208866,6.190428736771677
2025-03-18 22:51:00,Living Room,410.9502303921864,6.197277907278214
2025-03-18 22:52:00,Living Room,657.3206374543621,6.208233251235787
2025-03-18 22:53:00,Living Room,740.7817274703784,6.220579613360293
2025-03-18 22:54:00,Living Room,665.6582598516482,6.231673917691154
2025-03-18 22:55:00,Living Room,648.6377095269285,6.242484546183269
2025-03-18 22:56:00,Living Room,676.319147035918,6.253756531967201
2025-03-18 22:57:00,Living Room,532.5276241503223,6.262631992369706
2025-03-18 22:58:00,Living Room,737.085341078513,6.274916748054348
2025-03-18 22:59:00,Living Room,401.7182375680456,6.2816120520138155
2025-03-18 23:00:00,Living Room,112.73864160003393,6.283491029373816
2025-03-18 23:01:00,Living Room,128.55087801185115,6.2856335440073465
2025-03-18 23:02:00,Living Room,153.1577396774993,6.2881861730019715
2025-03-18 23:03:00,Living Room,151.0561795409338,6.29070377599432
2025-03-18 23:04:00,Living Room,182.05987576765867,6.293738107257115
2025-03-18 23:05:00,Living Room,140.45686564040173,6.296079055017788
2025-03-18 23:06:00,Living Room,148.43444262915085,6.298552962394941
2025-03-18 23:07:00,Living Room,101.33676832593956,6.300241908533706
2025-03-18 23:08:00,Living Room,140.9739236442939,6.3025914739277775
2025-03-18 23:09:00,Living Room,164.77742329503423,6.305337764316028
2025-03-18 23:10:00,Living Room,101.55083306265922,6.307030278200406
2025-03-18 23:11:00,Living Room,128.0881965186244,6.309165081475716
2025-03-18 23:12:00,Living Room,120.79563592893899,6.311178342074531
2025-03-18 23:13:00,Living Room,104.19854289095882,6.3129149844560475
2025-03-18 23:14:00,Living Room,147.92600899145376,6.315380417939238
2025-03-18 23:15:00,Living Room,118.17232932281564,6.317349956761285
2025-03-18 23:16:00,Living Room,174.308153963138,6.320255092660671
2025-03-18 23:17:00,Living Room,184.79278837633484,6.3233349724669425
2025-03-18 23:18:00,Living Room,154.55851826691477,6.3259109477713915
2025-03-18 23:19:00,Living Room,198.17073425211416,6.32921379334226
2025-03-18 23:20:00,Living Room,145.04785714705952,6.331631257628044
2025-03-18 23:21:00,Living Room,151.33682102249156,6.334153537978419
2025-03-18 23:22:00,Living Room,198.921775395775,6.337468900901682
2025-03-18 23:23:00,Living Room,123.15484359650489,6.33952148162829
2025-03-18 23:24:00,Living Room,194.25459396769054,6.342759058194418
2025-03-18 23:25:00,Living Room,104.28375551191132,6.344497120786284
2025-03-18 23:26:00,Living Room,144.63868902631947,6.346907765603389
2025-03-18 23:27:00,Living Room,107.00035121330657,6.348691104790277
2025-03-18 23:28:00,Living Room,172.9234742913643,6.351573162695133
2025-03-18 23:29:00,Living Room,160.8408935880018,6.3542538442549334
2025-03-18 23:30:00,Living Room,170.66342634675965,6.357098234694046
2025-03-18 23:31:00,Living Room,137.4480399968017,6.3593890353606595
2025-03-18 23:32:00,Living Room,136.94819340313802,6.361671505250712
2025-03-18 23:33:00,Living Room,104.53192789608946,6.3634137040489795
2025-03-18 23:34:00,Living Room,134.99449395296398,6.365663612281529
2025-03-18 23:35:00,Living Room,192.92884022620595,6.368879092951966
2025-03-18 23:36:00,Living Room,137.9226537180449,6.371177803847266
2025-03-18 23:37:00,Living Room,183.136770622197,6.374230083357636
2025-03-18 23:38:00,Living Room,184.2325504749934,6.377300625865553
2025-03-18 23:39:00,Living Room,137.3241156379234,6.379589361126185
2025-03-18 23:40:00,Living Room,163.1988680396189,6.382309342260179
2025-03-18 23:41:00,Living Room,109.53716022730586,6.3841349615973
2025-03-18 23:42:00,Living Room,110.36785807342766,6.385974425898524
2025-03-18 23:43:00,Living Room,104.86576636617133,6.387722188671293
2025-03-18 23:44:00,Living Room,158.10150933751095,6.390357213826918
2025-03-18 23:45:00,Living Room,142.6070977626097,6.392733998789628
2025-03-18 23:46:00,Living Room,154.803235666424,6.395314052717401
2025-03-18 23:47:00,Living Room,152.10731905083878,6.397849174701582
2025-03-18 23:48:00,Living Room,135.02029910907302,6.400099513020066
2025-03-18 23:49:00,Living Room,167.74734148234728,6.402895302044772
2025-03-18 23:50:00,Living Room,175.85018809163907,6.405826138512967
2025-03-18 23:51:00,Living Room,101.46282588776756,6.407517185611096
2025-03-18 23:52:00,Living Room,120.72422997688783,6.4095292561107104
2025-03-18 23:53:00,Living Room,171.3235868083337,6.412384649224182
2025-03-18 23:54:00,Living Room,138.6620172633834,6.414695682845239
2025-03-18 23:55:00,Living Room,166.24839469416082,6.417466489423475
2025-03-18 23:56:00,Living Room,134.69626597345584,6.419711427189699
2025-03-18 23:57:00,Living Room,139.0755152329637,6.422029352443582
2025-03-18 23:58:00,Living Room,115.8678873689685,6.423960483899732
2025-03-18 23:59:00,Living Room,125.82310196661601,6.426057535599176
